<?xml version = '1.0' encoding = 'UTF-8'?>
<FKIndexAssociation class="oracle.dbtools.crest.model.design.relational.FKIndexAssociation" directorySegmentName="seg_0" id="00D9D3F5-10D1-F267-0190-F86D725DB286" containerWithKeyObject="F6840ED7-6F44-E9D0-0830-61A6FE6DB729" localFKIndex="AAF33E81-FC88-9770-B9EE-4DCC4F05B152" name="Prikazivanje_Predstava_FK">
<createdBy>Marija Kukic</createdBy>
<createdTime>2019-12-04 12:29:18 UTC</createdTime>
<generatorID>53D0A686-9E7F-2C79-552D-161E95928818</generatorID>
<ownerDesignName>pozoriste</ownerDesignName>
<referredTableLongName>Predstava</referredTableLongName>
<deleteRule>NO ACTION</deleteRule>
<referredTableID>505E70D2-192D-CEF2-94F7-C64D09826CD4</referredTableID>
<keyObject>E0A77558-0ACF-BF0C-1049-87A2C72CDA8E</keyObject>
<referredKeyID>E0A77558-0ACF-BF0C-1049-87A2C72CDA8E</referredKeyID>
<mandatory>true</mandatory>
<refColNames>idpred</refColNames>
<transferable>true</transferable>
<rely>false</rely>
<columnDependencyConstraintGenerateInDDL>true</columnDependencyConstraintGenerateInDDL>
</FKIndexAssociation>