<?xml version = '1.0' encoding = 'UTF-8'?>
<FKIndexAssociation class="oracle.dbtools.crest.model.design.relational.FKIndexAssociation" directorySegmentName="seg_0" id="0852DDC6-FE29-BE18-41F2-53FEF34DF75C" containerWithKeyObject="F6840ED7-6F44-E9D0-0830-61A6FE6DB729" localFKIndex="798C7CEC-8EB1-E651-717F-F6D1430C4793" name="Prikazivanje_Scena_FK">
<createdBy>Marija Kukic</createdBy>
<createdTime>2019-12-04 12:29:19 UTC</createdTime>
<generatorID>AE07DBED-C9D5-3E00-2D50-7F4D67C0B76C</generatorID>
<ownerDesignName>pozoriste</ownerDesignName>
<referredTableLongName>Scena</referredTableLongName>
<deleteRule>NO ACTION</deleteRule>
<referredTableID>87F218E9-6CEC-8B3F-6661-A2A1097CF0F4</referredTableID>
<keyObject>24300224-D9B9-6646-0ABE-9AE2AA4DACC0</keyObject>
<referredKeyID>24300224-D9B9-6646-0ABE-9AE2AA4DACC0</referredKeyID>
<mandatory>true</mandatory>
<refColNames>idsce</refColNames>
<transferable>true</transferable>
<rely>false</rely>
<columnDependencyConstraintGenerateInDDL>true</columnDependencyConstraintGenerateInDDL>
</FKIndexAssociation>