<?xml version = '1.0' encoding = 'UTF-8'?>
<FKIndexAssociation class="oracle.dbtools.crest.model.design.relational.FKIndexAssociation" directorySegmentName="seg_0" id="0CB6EE73-2281-7665-70D6-4D9F3D34DB34" containerWithKeyObject="FE81469B-5C56-9FC8-4B75-411761EF97D0" localFKIndex="93B0E4ED-28BE-4670-5E8E-ABEFB63C477A" name="Mesto_Drzava_FK">
<createdBy>Marija Kukic</createdBy>
<createdTime>2019-12-04 12:29:19 UTC</createdTime>
<generatorID>BD6B7D23-DC13-258B-FABC-5B608A05B1B1</generatorID>
<ownerDesignName>pozoriste</ownerDesignName>
<referredTableLongName>Drzava</referredTableLongName>
<deleteRule>NO ACTION</deleteRule>
<referredTableID>69CE0495-2D7A-EAC4-9A2C-3F6AB7EC450F</referredTableID>
<keyObject>4DD15189-DD14-C07A-F9E5-2FB664343A23</keyObject>
<referredKeyID>4DD15189-DD14-C07A-F9E5-2FB664343A23</referredKeyID>
<mandatory>true</mandatory>
<refColNames>idd</refColNames>
<transferable>true</transferable>
<rely>false</rely>
<columnDependencyConstraintGenerateInDDL>true</columnDependencyConstraintGenerateInDDL>
</FKIndexAssociation>