<?xml version = '1.0' encoding = 'UTF-8'?>
<FKIndexAssociation class="oracle.dbtools.crest.model.design.relational.FKIndexAssociation" directorySegmentName="seg_0" id="29BF4683-C41F-995B-C637-C4894620E9E6" containerWithKeyObject="9423016B-B3F8-8243-03B1-388F0DF137E8" localFKIndex="BB5C0538-07E4-37AF-89F3-101C071F1F27" name="Radnik_Radnik_FK">
<createdBy>Marija Kukic</createdBy>
<createdTime>2019-12-04 12:29:19 UTC</createdTime>
<generatorID>5A0F9AF9-BA53-BA96-B812-5B87FF3B85EB</generatorID>
<ownerDesignName>pozoriste</ownerDesignName>
<referredTableLongName>Radnik</referredTableLongName>
<deleteRule>NO ACTION</deleteRule>
<referredTableID>9423016B-B3F8-8243-03B1-388F0DF137E8</referredTableID>
<keyObject>32B4EF71-7936-EC0F-1A47-2DB26A2BCAD2</keyObject>
<referredKeyID>32B4EF71-7936-EC0F-1A47-2DB26A2BCAD2</referredKeyID>
<mandatory>false</mandatory>
<refColNames>mbr</refColNames>
<transferable>true</transferable>
<rely>false</rely>
<columnDependencyConstraintGenerateInDDL>true</columnDependencyConstraintGenerateInDDL>
</FKIndexAssociation>