<?xml version = '1.0' encoding = 'UTF-8'?>
<FKIndexAssociation class="oracle.dbtools.crest.model.design.relational.FKIndexAssociation" directorySegmentName="seg_0" id="30B521F9-C5BD-2CFA-2AF5-9A305035355B" containerWithKeyObject="06080C90-7456-7A04-AD3F-6F44B7202836" localFKIndex="F70ED13D-D275-AB17-A116-05D7B2608094" name="Pozoriste_Mesto_FK">
<createdBy>Marija Kukic</createdBy>
<createdTime>2019-12-04 12:29:19 UTC</createdTime>
<generatorID>D742E29A-7701-1D6F-3534-EDDF87FA1CFA</generatorID>
<ownerDesignName>pozoriste</ownerDesignName>
<referredTableLongName>Mesto</referredTableLongName>
<deleteRule>NO ACTION</deleteRule>
<referredTableID>FE81469B-5C56-9FC8-4B75-411761EF97D0</referredTableID>
<keyObject>C37D528B-E87F-86F9-E4B9-060BD718362C</keyObject>
<referredKeyID>C37D528B-E87F-86F9-E4B9-060BD718362C</referredKeyID>
<mandatory>true</mandatory>
<refColNames>idm</refColNames>
<transferable>true</transferable>
<rely>false</rely>
<columnDependencyConstraintGenerateInDDL>true</columnDependencyConstraintGenerateInDDL>
</FKIndexAssociation>