<?xml version = '1.0' encoding = 'UTF-8'?>
<FKIndexAssociation class="oracle.dbtools.crest.model.design.relational.FKIndexAssociation" directorySegmentName="seg_0" id="369F7386-9017-C431-AF0B-510835B9BE1E" containerWithKeyObject="2A101BEA-4C94-2C67-D010-046DAEB51D96" localFKIndex="44983C7E-8F01-D324-72CE-C059DB4105B7" name="Sektor_Pozoriste_FK">
<createdBy>Marija Kukic</createdBy>
<createdTime>2019-12-04 12:29:18 UTC</createdTime>
<generatorID>903A9646-B9D8-68C5-1B87-9E9E2BF5AF84</generatorID>
<ownerDesignName>pozoriste</ownerDesignName>
<referredTableLongName>Pozoriste</referredTableLongName>
<deleteRule>NO ACTION</deleteRule>
<referredTableID>06080C90-7456-7A04-AD3F-6F44B7202836</referredTableID>
<keyObject>FCB12E95-D0AD-60FE-CF68-37220D5A5AE1</keyObject>
<referredKeyID>FCB12E95-D0AD-60FE-CF68-37220D5A5AE1</referredKeyID>
<mandatory>true</mandatory>
<refColNames>idpoz</refColNames>
<transferable>true</transferable>
<rely>false</rely>
<columnDependencyConstraintGenerateInDDL>true</columnDependencyConstraintGenerateInDDL>
</FKIndexAssociation>