<?xml version = '1.0' encoding = 'UTF-8'?>
<FKIndexAssociation class="oracle.dbtools.crest.model.design.relational.FKIndexAssociation" directorySegmentName="seg_0" id="5765E8AA-7285-9A84-28B4-6F91C75FB14C" containerWithKeyObject="3651E781-B477-3015-514F-6B071C2EE25D" localFKIndex="5EAC0884-3538-31B0-6895-B13D2DA9E7D5" name="Uloga_Predstava_FK">
<createdBy>Marija Kukic</createdBy>
<createdTime>2019-12-04 12:29:18 UTC</createdTime>
<generatorID>1875F70C-4837-E98E-AC9F-649272627474</generatorID>
<ownerDesignName>pozoriste</ownerDesignName>
<referredTableLongName>Predstava</referredTableLongName>
<deleteRule>NO ACTION</deleteRule>
<referredTableID>505E70D2-192D-CEF2-94F7-C64D09826CD4</referredTableID>
<keyObject>E0A77558-0ACF-BF0C-1049-87A2C72CDA8E</keyObject>
<referredKeyID>E0A77558-0ACF-BF0C-1049-87A2C72CDA8E</referredKeyID>
<mandatory>true</mandatory>
<refColNames>idpred</refColNames>
<transferable>true</transferable>
<rely>false</rely>
<columnDependencyConstraintGenerateInDDL>true</columnDependencyConstraintGenerateInDDL>
</FKIndexAssociation>