<?xml version = '1.0' encoding = 'UTF-8'?>
<FKIndexAssociation class="oracle.dbtools.crest.model.design.relational.FKIndexAssociation" directorySegmentName="seg_0" id="8A622D33-4557-1AD7-AB6F-E9FDA3F0AB4D" containerWithKeyObject="9423016B-B3F8-8243-03B1-388F0DF137E8" localFKIndex="F8D43717-49A9-0610-9ED9-75CC26887F1B" name="Radnik_Sektor_FK">
<createdBy>Marija Kukic</createdBy>
<createdTime>2019-12-04 12:29:19 UTC</createdTime>
<generatorID>834F9D1B-E9B8-6389-3892-3D7CA81D2E04</generatorID>
<ownerDesignName>pozoriste</ownerDesignName>
<referredTableLongName>Sektor</referredTableLongName>
<deleteRule>NO ACTION</deleteRule>
<referredTableID>2A101BEA-4C94-2C67-D010-046DAEB51D96</referredTableID>
<keyObject>C92E9F29-21B2-C4B2-D1C9-E5886F6F4C0D</keyObject>
<referredKeyID>C92E9F29-21B2-C4B2-D1C9-E5886F6F4C0D</referredKeyID>
<mandatory>true</mandatory>
<refColNames>idsek</refColNames>
<transferable>true</transferable>
<rely>false</rely>
<columnDependencyConstraintGenerateInDDL>true</columnDependencyConstraintGenerateInDDL>
</FKIndexAssociation>