<?xml version = '1.0' encoding = 'UTF-8'?>
<FKIndexAssociation class="oracle.dbtools.crest.model.design.relational.FKIndexAssociation" directorySegmentName="seg_0" id="8E9DED17-0FD4-C5FC-B961-8F9DA6D3EFE4" containerWithKeyObject="19103452-B621-57D9-BB28-D7AC64A1A7B8" localFKIndex="7B783208-2D64-7C86-77AC-869F143F668B" name="Tehnicar_Radnik_FK">
<createdBy>Marija Kukic</createdBy>
<createdTime>2019-12-04 12:29:18 UTC</createdTime>
<generatorID>57C063A6-2226-78E7-F960-9438018FA64D</generatorID>
<ownerDesignName>pozoriste</ownerDesignName>
<referredTableLongName>Radnik</referredTableLongName>
<arc>8404F59A-5465-5CC7-D086-162E131CD95E</arc>
<deleteRule>NO ACTION</deleteRule>
<referredTableID>9423016B-B3F8-8243-03B1-388F0DF137E8</referredTableID>
<keyObject>32B4EF71-7936-EC0F-1A47-2DB26A2BCAD2</keyObject>
<referredKeyID>32B4EF71-7936-EC0F-1A47-2DB26A2BCAD2</referredKeyID>
<mandatory>true</mandatory>
<refColNames>mbr</refColNames>
<transferable>true</transferable>
<rely>false</rely>
<columnDependencyConstraintGenerateInDDL>true</columnDependencyConstraintGenerateInDDL>
</FKIndexAssociation>