<?xml version = '1.0' encoding = 'UTF-8'?>
<FKIndexAssociation class="oracle.dbtools.crest.model.design.relational.FKIndexAssociation" directorySegmentName="seg_0" id="AC08F170-4219-9424-C30A-C9215C8BA486" containerWithKeyObject="4E641C0B-7436-689D-F6ED-51DCA035AE3A" localFKIndex="8654F102-8DD7-71B6-BF2E-286DB9A2F72C" name="Glumac_Pozoriste_FK">
<createdBy>Marija Kukic</createdBy>
<createdTime>2019-12-04 12:29:18 UTC</createdTime>
<generatorID>C3308450-80EE-A1AC-AB10-7CC108A0F55A</generatorID>
<ownerDesignName>pozoriste</ownerDesignName>
<referredTableLongName>Pozoriste</referredTableLongName>
<deleteRule>NO ACTION</deleteRule>
<referredTableID>06080C90-7456-7A04-AD3F-6F44B7202836</referredTableID>
<keyObject>FCB12E95-D0AD-60FE-CF68-37220D5A5AE1</keyObject>
<referredKeyID>FCB12E95-D0AD-60FE-CF68-37220D5A5AE1</referredKeyID>
<mandatory>false</mandatory>
<refColNames>idpoz</refColNames>
<transferable>true</transferable>
<rely>false</rely>
<columnDependencyConstraintGenerateInDDL>true</columnDependencyConstraintGenerateInDDL>
</FKIndexAssociation>