<?xml version = '1.0' encoding = 'UTF-8'?>
<FKIndexAssociation class="oracle.dbtools.crest.model.design.relational.FKIndexAssociation" directorySegmentName="seg_0" id="CAD3C899-1A35-1770-073E-BF5ACB7D50F1" containerWithKeyObject="8B47A935-1965-4A5A-F5AD-06873E08EB7B" localFKIndex="DE4EEFB0-C56D-C876-F010-53166B10BBF0" name="Podela_Glumac_FK">
<createdBy>Marija Kukic</createdBy>
<createdTime>2019-12-04 12:29:18 UTC</createdTime>
<generatorID>C270537C-89F8-94B0-EC00-56282B8DB163</generatorID>
<ownerDesignName>pozoriste</ownerDesignName>
<referredTableLongName>Glumac</referredTableLongName>
<deleteRule>NO ACTION</deleteRule>
<referredTableID>4E641C0B-7436-689D-F6ED-51DCA035AE3A</referredTableID>
<keyObject>1226741C-9F61-92A6-4BB1-5AF7410F2E05</keyObject>
<referredKeyID>1226741C-9F61-92A6-4BB1-5AF7410F2E05</referredKeyID>
<mandatory>true</mandatory>
<refColNames>mbg</refColNames>
<transferable>true</transferable>
<rely>false</rely>
<columnDependencyConstraintGenerateInDDL>true</columnDependencyConstraintGenerateInDDL>
</FKIndexAssociation>