<?xml version = '1.0' encoding = 'UTF-8'?>
<FKIndexAssociation class="oracle.dbtools.crest.model.design.relational.FKIndexAssociation" directorySegmentName="seg_0" id="D2BE45C4-1D22-5312-49FD-3DB8FF75D85A" containerWithKeyObject="160854B6-0F33-45DC-B025-1CE6752DC462" localFKIndex="53304540-3A19-9194-D60D-FE128AF1403C" name="Upravnik_Radnik_FK">
<createdBy>Marija Kukic</createdBy>
<createdTime>2019-12-04 12:29:18 UTC</createdTime>
<generatorID>D032F22B-C47C-6693-3BF4-02384FF04EA1</generatorID>
<ownerDesignName>pozoriste</ownerDesignName>
<referredTableLongName>Radnik</referredTableLongName>
<arc>8404F59A-5465-5CC7-D086-162E131CD95E</arc>
<deleteRule>NO ACTION</deleteRule>
<referredTableID>9423016B-B3F8-8243-03B1-388F0DF137E8</referredTableID>
<keyObject>32B4EF71-7936-EC0F-1A47-2DB26A2BCAD2</keyObject>
<referredKeyID>32B4EF71-7936-EC0F-1A47-2DB26A2BCAD2</referredKeyID>
<mandatory>true</mandatory>
<refColNames>mbr</refColNames>
<transferable>true</transferable>
<rely>false</rely>
<columnDependencyConstraintGenerateInDDL>true</columnDependencyConstraintGenerateInDDL>
</FKIndexAssociation>