<?xml version = '1.0' encoding = 'UTF-8'?>
<FKIndexAssociation class="oracle.dbtools.crest.model.design.relational.FKIndexAssociation" directorySegmentName="seg_0" id="D9C2BE1A-6E39-9ECB-6A36-C3CC7704F569" containerWithKeyObject="87F218E9-6CEC-8B3F-6661-A2A1097CF0F4" localFKIndex="7310F562-C3F5-7AC8-BEF5-CC9AD206E0CF" name="Scena_Pozoriste_FK">
<createdBy>Marija Kukic</createdBy>
<createdTime>2019-12-04 12:29:18 UTC</createdTime>
<generatorID>DA383414-694E-4786-8A49-3B1E7F279061</generatorID>
<ownerDesignName>pozoriste</ownerDesignName>
<referredTableLongName>Pozoriste</referredTableLongName>
<deleteRule>NO ACTION</deleteRule>
<referredTableID>06080C90-7456-7A04-AD3F-6F44B7202836</referredTableID>
<keyObject>FCB12E95-D0AD-60FE-CF68-37220D5A5AE1</keyObject>
<referredKeyID>FCB12E95-D0AD-60FE-CF68-37220D5A5AE1</referredKeyID>
<mandatory>true</mandatory>
<refColNames>idpoz</refColNames>
<transferable>true</transferable>
<rely>false</rely>
<columnDependencyConstraintGenerateInDDL>true</columnDependencyConstraintGenerateInDDL>
</FKIndexAssociation>