<?xml version = '1.0' encoding = 'UTF-8'?>
<FKIndexAssociation class="oracle.dbtools.crest.model.design.relational.FKIndexAssociation" directorySegmentName="seg_0" id="F5660DD0-9450-0FE1-0463-B0A2901C7EB3" containerWithKeyObject="8B47A935-1965-4A5A-F5AD-06873E08EB7B" localFKIndex="164E60AA-1137-2EE4-B31D-B1B251E1FD3B" name="Podela_Uloga_FK">
<createdBy>Marija Kukic</createdBy>
<createdTime>2019-12-04 12:29:19 UTC</createdTime>
<generatorID>1165DE95-7BA6-2358-E975-B2D0E9B5BC10</generatorID>
<ownerDesignName>pozoriste</ownerDesignName>
<referredTableLongName>Uloga</referredTableLongName>
<deleteRule>NO ACTION</deleteRule>
<referredTableID>3651E781-B477-3015-514F-6B071C2EE25D</referredTableID>
<keyObject>77124850-9CCF-4B01-C14E-AAD50F812878</keyObject>
<referredKeyID>77124850-9CCF-4B01-C14E-AAD50F812878</referredKeyID>
<mandatory>true</mandatory>
<refColNames>idul</refColNames>
<transferable>true</transferable>
<rely>false</rely>
<columnDependencyConstraintGenerateInDDL>true</columnDependencyConstraintGenerateInDDL>
</FKIndexAssociation>