<?xml version = '1.0' encoding = 'UTF-8'?>
<FKArc class="oracle.dbtools.crest.model.design.relational.FKArc" directorySegmentName="seg_0" id="67D97E2E-2763-5FF9-9E10-CC34C6F20111" name="FKArc_1">
<createdBy>Marija Kukic</createdBy>
<createdTime>2019-12-04 12:31:18 UTC</createdTime>
<ownerDesignName>pozoriste</ownerDesignName>
<mandatory>false</mandatory>
<reverseArc>true</reverseArc>
<table>CF715B35-8B3B-71E1-57E3-590FE1551F5D</table>
<fkeys>
<fkeyID>6AA1AC37-CE82-9F1E-2E85-35FFF04636D0</fkeyID>
<fkeyID>13646542-C347-4C6E-25D3-37E30B51AAA7</fkeyID>
</fkeys>
</FKArc>