<?xml version = '1.0' encoding = 'UTF-8'?>
<Relation class="oracle.dbtools.crest.model.design.logical.Relation" name="Ima_prikazivanje" directorySegmentName="seg_0" id="53D0A686-9E7F-2C79-552D-161E95928818">
<createdBy>dimit</createdBy>
<createdTime>2019-11-05 21:35:53 UTC</createdTime>
<ownerDesignName>pozoriste</ownerDesignName>
<engineerTo>
<item key="C01CD9E6-60C5-63F4-34B2-DDEF9B83EE98" value="true"/>
</engineerTo>
<sourcePk>D0E30D65-3E24-D78A-4629-2AC88A4E5F9D</sourcePk>
<identifying>true</identifying>
<optionalSource>true</optionalSource>
<optionalTarget>false</optionalTarget>
<sourceCardinality>1</sourceCardinality>
<sourceEntity>24F04CB7-5E9E-4997-6878-50E835D8CDC1</sourceEntity>
<targetCardinalityString>*</targetCardinalityString>
<targetEntity>A50814D6-6536-A662-F5FC-7E11500B552E</targetEntity>
<transferable>true</transferable>
<deleteRule>NO ACTION</deleteRule>
</Relation>