<?xml version = '1.0' encoding = 'UTF-8'?>
<Relation class="oracle.dbtools.crest.model.design.logical.Relation" name="Rukovodi" directorySegmentName="seg_0" id="5A0F9AF9-BA53-BA96-B812-5B87FF3B85EB">
<createdBy>dimit</createdBy>
<createdTime>2019-11-05 21:59:28 UTC</createdTime>
<ownerDesignName>pozoriste</ownerDesignName>
<engineerTo>
<item key="C01CD9E6-60C5-63F4-34B2-DDEF9B83EE98" value="true"/>
</engineerTo>
<targetPk>4560AFEA-D4AA-B1C5-D292-3E649D002971</targetPk>
<identifying>false</identifying>
<nameOnSource>nadredjeni</nameOnSource>
<nameOnTarget>podredjeni</nameOnTarget>
<optionalSource>true</optionalSource>
<optionalTarget>true</optionalTarget>
<sourceCardinality>1</sourceCardinality>
<sourceEntity>2192F86E-AA82-90E8-98BA-9CE3A9238393</sourceEntity>
<targetCardinalityString>*</targetCardinalityString>
<targetEntity>2192F86E-AA82-90E8-98BA-9CE3A9238393</targetEntity>
<transferable>true</transferable>
<deleteRule>NO ACTION</deleteRule>
</Relation>