<?xml version = '1.0' encoding = 'UTF-8'?>
<Relation class="oracle.dbtools.crest.model.design.logical.Relation" name="Glumac_Podela" directorySegmentName="seg_0" id="C270537C-89F8-94B0-EC00-56282B8DB163">
<createdBy>dimit</createdBy>
<createdTime>2019-11-05 21:44:12 UTC</createdTime>
<ownerDesignName>pozoriste</ownerDesignName>
<engineerTo>
<item key="C01CD9E6-60C5-63F4-34B2-DDEF9B83EE98" value="true"/>
</engineerTo>
<sourcePk>BBDE99D8-91EF-A9C2-00E4-3D4B9EAFF4C3</sourcePk>
<identifying>true</identifying>
<optionalSource>true</optionalSource>
<optionalTarget>false</optionalTarget>
<sourceCardinality>1</sourceCardinality>
<sourceEntity>28D8B207-6098-400C-851B-21E4D1999FC7</sourceEntity>
<targetCardinalityString>*</targetCardinalityString>
<targetEntity>DF4EE594-A798-E238-24D6-80F428F6C547</targetEntity>
<transferable>true</transferable>
<deleteRule>NO ACTION</deleteRule>
</Relation>