<?xml version = '1.0' encoding = 'UTF-8'?>
<Table class="oracle.dbtools.crest.model.design.relational.Table" directorySegmentName="seg_0" id="02DDC441-5FD8-1729-4FAE-9967B448A2C4" name="Prikazivanje">
<createdBy>Marija Kukic</createdBy>
<createdTime>2019-12-04 12:31:18 UTC</createdTime>
<generatorID>A50814D6-6536-A662-F5FC-7E11500B552E</generatorID>
<ownerDesignName>pozoriste</ownerDesignName>
<allowColumnReorder>false</allowColumnReorder>
<existDependencyGenerateInDDl>true</existDependencyGenerateInDDl>
<parsed>true</parsed>
<columns itemClass="oracle.dbtools.crest.model.design.relational.Column">
<Column name="rbr" id="199F6FC9-8543-6D51-9440-A70A39FBB260">
<createdBy>Marija Kukic</createdBy>
<createdTime>2019-12-04 12:31:18 UTC</createdTime>
<generatorID>9F95B782-F5FE-12A4-12E2-DA41EB339517</generatorID>
<ownerDesignName>pozoriste</ownerDesignName>
<useDomainConstraints>false</useDomainConstraints>
<use>1</use>
<logicalDatatype>LOGDT011</logicalDatatype>
<ownDataTypeParameters>,,</ownDataTypeParameters>
<autoIncrementCycle>false</autoIncrementCycle>
</Column>
<Column name="datumpri" id="29C53D20-673B-D599-4B4C-1D7065418BB8">
<createdBy>Marija Kukic</createdBy>
<createdTime>2019-12-04 12:31:18 UTC</createdTime>
<generatorID>70F63F65-0403-55E7-9C1D-87AFAF8DFDD8</generatorID>
<ownerDesignName>pozoriste</ownerDesignName>
<useDomainConstraints>false</useDomainConstraints>
<use>1</use>
<logicalDatatype>LOGDT007</logicalDatatype>
<ownDataTypeParameters>,,</ownDataTypeParameters>
<autoIncrementCycle>false</autoIncrementCycle>
</Column>
<Column name="vremepri" id="BF38743A-22F8-8AB7-CC55-612344195095">
<createdBy>Marija Kukic</createdBy>
<createdTime>2019-12-04 12:31:18 UTC</createdTime>
<generatorID>CF70C33C-D723-CEA4-54C0-687BC6A989EE</generatorID>
<ownerDesignName>pozoriste</ownerDesignName>
<useDomainConstraints>false</useDomainConstraints>
<use>1</use>
<logicalDatatype>LOGDT014</logicalDatatype>
<ownDataTypeParameters>,,</ownDataTypeParameters>
<autoIncrementCycle>false</autoIncrementCycle>
</Column>
<Column name="brojgled" id="D0F8D69C-1DF8-243F-4B43-283AD03A36F4">
<createdBy>Marija Kukic</createdBy>
<createdTime>2019-12-04 12:31:18 UTC</createdTime>
<generatorID>74DCEBC9-DAA8-29F6-5E8F-0C0597DD929E</generatorID>
<ownerDesignName>pozoriste</ownerDesignName>
<useDomainConstraints>false</useDomainConstraints>
<use>1</use>
<logicalDatatype>LOGDT011</logicalDatatype>
<ownDataTypeParameters>,,</ownDataTypeParameters>
<autoIncrementCycle>false</autoIncrementCycle>
</Column>
<Column name="Predstava_idpred" id="30921962-5198-8AA7-F09D-422918209020">
<createdBy>Marija Kukic</createdBy>
<createdTime>2019-12-04 12:31:18 UTC</createdTime>
<generatorID>942B1CEF-E259-E172-EE11-BEFD2FC1EA5B</generatorID>
<ownerDesignName>pozoriste</ownerDesignName>
<useDomainConstraints>false</useDomainConstraints>
<use>1</use>
<logicalDatatype>LOGDT011</logicalDatatype>
<ownDataTypeParameters>,,</ownDataTypeParameters>
<previousColumn>false</previousColumn>
<autoIncrementCycle>false</autoIncrementCycle>
<associations>
<colAssociation fkAssociation="80C419DE-17A9-122C-6FED-35E42BCEEF42" referredColumn="1EEE5046-2FA6-4056-2C24-6155E1823AF5"/>
</associations>
</Column>
<Column name="Scena_idsce" id="7748596F-3C53-03B7-A035-02F3316E4FB9">
<createdBy>Marija Kukic</createdBy>
<createdTime>2019-12-04 12:31:18 UTC</createdTime>
<generatorID>1BE9CC60-0569-57D5-F1B1-A81E56468682</generatorID>
<ownerDesignName>pozoriste</ownerDesignName>
<useDomainConstraints>false</useDomainConstraints>
<use>1</use>
<logicalDatatype>LOGDT011</logicalDatatype>
<ownDataTypeParameters>,,</ownDataTypeParameters>
<previousColumn>false</previousColumn>
<autoIncrementCycle>false</autoIncrementCycle>
<associations>
<colAssociation fkAssociation="4F6F2A65-4C71-B79C-C9BE-11DDC2FAB45A" referredColumn="DB6F1FCD-8E21-7AD0-6AEE-D57D16415EB0"/>
</associations>
</Column>
</columns>
<indexes itemClass="oracle.dbtools.crest.model.design.relational.Index">
<ind_PK_UK id="388D0E7C-C952-7111-F290-EF0E4450E727" name="Prikazivanje_PK">
<createdBy>Marija Kukic</createdBy>
<createdTime>2019-12-04 12:31:18 UTC</createdTime>
<generatorID>E2CE6C97-050C-AA6C-F15B-0D1CD4FBFAEF</generatorID>
<ownerDesignName>pozoriste</ownerDesignName>
<pk>true</pk>
<indexState>Primary Constraint</indexState>
<isSurrogateKey>false</isSurrogateKey>
<indexColumnUsage>
<colUsage columnID="199F6FC9-8543-6D51-9440-A70A39FBB260"/>
</indexColumnUsage>
</ind_PK_UK>
<ind_PK_UK id="7355CFC6-EE2A-3D3E-EC88-2F0CBCBF188D" name="Prikazivanje_Predstava_FK">
<createdBy>Marija Kukic</createdBy>
<createdTime>2019-12-04 12:31:18 UTC</createdTime>
<generatorID>53D0A686-9E7F-2C79-552D-161E95928818</generatorID>
<ownerDesignName>pozoriste</ownerDesignName>
<indexState>Foreign Key</indexState>
<isSurrogateKey>false</isSurrogateKey>
<indexColumnUsage>
<colUsage columnID="30921962-5198-8AA7-F09D-422918209020"/>
</indexColumnUsage>
</ind_PK_UK>
<ind_PK_UK id="E5B856BF-0FDD-45E7-0C40-50FC51A4723D" name="Prikazivanje_Scena_FK">
<createdBy>Marija Kukic</createdBy>
<createdTime>2019-12-04 12:31:18 UTC</createdTime>
<generatorID>AE07DBED-C9D5-3E00-2D50-7F4D67C0B76C</generatorID>
<ownerDesignName>pozoriste</ownerDesignName>
<indexState>Foreign Key</indexState>
<isSurrogateKey>false</isSurrogateKey>
<indexColumnUsage>
<colUsage columnID="7748596F-3C53-03B7-A035-02F3316E4FB9"/>
</indexColumnUsage>
</ind_PK_UK>
</indexes>
</Table>