<?xml version = '1.0' encoding = 'UTF-8'?>
<Table class="oracle.dbtools.crest.model.design.relational.Table" directorySegmentName="seg_0" id="05A5677A-7CFF-49A1-1684-1ABDD9CCAACA" name="Podela">
<createdBy>Marija Kukic</createdBy>
<createdTime>2019-12-04 12:31:18 UTC</createdTime>
<generatorID>DF4EE594-A798-E238-24D6-80F428F6C547</generatorID>
<ownerDesignName>pozoriste</ownerDesignName>
<allowColumnReorder>false</allowColumnReorder>
<existDependencyGenerateInDDl>true</existDependencyGenerateInDDl>
<parsed>true</parsed>
<columns itemClass="oracle.dbtools.crest.model.design.relational.Column">
<Column name="honorar" id="09C2A34B-294C-29C4-84CA-73DA6303CB46">
<createdBy>Marija Kukic</createdBy>
<createdTime>2019-12-04 12:31:18 UTC</createdTime>
<generatorID>FE8CD1D9-97ED-9706-28EB-918C253987F3</generatorID>
<ownerDesignName>pozoriste</ownerDesignName>
<useDomainConstraints>false</useDomainConstraints>
<use>1</use>
<logicalDatatype>LOGDT026</logicalDatatype>
<dataTypePrecision>10</dataTypePrecision>
<dataTypeScale>2</dataTypeScale>
<ownDataTypeParameters>,10,2</ownDataTypeParameters>
<autoIncrementCycle>false</autoIncrementCycle>
</Column>
<Column name="datumd" id="5A255C94-E5F9-C200-7B78-E43B5954AB78">
<createdBy>Marija Kukic</createdBy>
<createdTime>2019-12-04 12:31:18 UTC</createdTime>
<generatorID>807DA3D9-245D-C304-CDF0-26EDE18019CE</generatorID>
<ownerDesignName>pozoriste</ownerDesignName>
<useDomainConstraints>false</useDomainConstraints>
<use>1</use>
<logicalDatatype>LOGDT007</logicalDatatype>
<ownDataTypeParameters>,,</ownDataTypeParameters>
<autoIncrementCycle>false</autoIncrementCycle>
</Column>
<Column name="datump" id="F3AAEF9D-5B9A-9B29-A40A-460B040E7088">
<createdBy>Marija Kukic</createdBy>
<createdTime>2019-12-04 12:31:18 UTC</createdTime>
<generatorID>CF4C779E-863F-A606-13B5-5BADBA4E77B4</generatorID>
<ownerDesignName>pozoriste</ownerDesignName>
<useDomainConstraints>false</useDomainConstraints>
<use>1</use>
<logicalDatatype>LOGDT007</logicalDatatype>
<ownDataTypeParameters>,,</ownDataTypeParameters>
<autoIncrementCycle>false</autoIncrementCycle>
</Column>
<Column name="Glumac_mbg" id="D3566D0A-161C-FB5B-A217-411EBEECC16C">
<createdBy>Marija Kukic</createdBy>
<createdTime>2019-12-04 12:31:18 UTC</createdTime>
<generatorID>DEBAC112-7D94-0421-DAFD-9BF6F69096DD</generatorID>
<ownerDesignName>pozoriste</ownerDesignName>
<useDomainConstraints>false</useDomainConstraints>
<use>1</use>
<logicalDatatype>LOGDT011</logicalDatatype>
<ownDataTypeParameters>,,</ownDataTypeParameters>
<previousColumn>false</previousColumn>
<autoIncrementCycle>false</autoIncrementCycle>
<associations>
<colAssociation fkAssociation="6F8937CA-DCDD-E057-05A8-9330D021BE98" referredColumn="CC78C046-2563-0C85-712B-2C6238BC1DDC"/>
</associations>
</Column>
<Column name="Uloga_idul" id="59D15D5B-B3C2-6506-1307-9C71DF44FDE0">
<createdBy>Marija Kukic</createdBy>
<createdTime>2019-12-04 12:31:18 UTC</createdTime>
<generatorID>C30268B0-A608-2287-E78F-C8C6C3E2C526</generatorID>
<ownerDesignName>pozoriste</ownerDesignName>
<useDomainConstraints>false</useDomainConstraints>
<use>1</use>
<logicalDatatype>LOGDT011</logicalDatatype>
<ownDataTypeParameters>,,</ownDataTypeParameters>
<previousColumn>false</previousColumn>
<autoIncrementCycle>false</autoIncrementCycle>
<associations>
<colAssociation fkAssociation="4285677A-C814-805C-1A00-1EEA5601082C" referredColumn="1CE6CEC5-70E5-44F5-F7D2-B66CF3DD1D8E"/>
</associations>
</Column>
<Column name="idpod" id="D8189D5B-613A-B57C-71A8-AF9597B00F84">
<createdBy>Marija Kukic</createdBy>
<createdTime>2019-12-08 09:04:53 UTC</createdTime>
<generatorID>581C4B31-7460-9362-1492-D3C409F312B1</generatorID>
<ownerDesignName>pozoriste</ownerDesignName>
<useDomainConstraints>false</useDomainConstraints>
<use>1</use>
<logicalDatatype>LOGDT011</logicalDatatype>
<ownDataTypeParameters>,,</ownDataTypeParameters>
<autoIncrementCycle>false</autoIncrementCycle>
</Column>
</columns>
<indexes itemClass="oracle.dbtools.crest.model.design.relational.Index">
<ind_PK_UK id="396A0DCE-F8A7-28E9-3080-9EA43CC86D49" name="Podela_PK">
<createdBy>Marija Kukic</createdBy>
<createdTime>2019-12-04 12:31:18 UTC</createdTime>
<generatorID>DFE20EBD-FF99-4083-C8F9-06AEA32DCE75</generatorID>
<ownerDesignName>pozoriste</ownerDesignName>
<pk>true</pk>
<indexState>Primary Constraint</indexState>
<isSurrogateKey>false</isSurrogateKey>
<indexColumnUsage>
<colUsage columnID="D3566D0A-161C-FB5B-A217-411EBEECC16C"/>
<colUsage columnID="59D15D5B-B3C2-6506-1307-9C71DF44FDE0"/>
<colUsage columnID="D8189D5B-613A-B57C-71A8-AF9597B00F84"/>
</indexColumnUsage>
</ind_PK_UK>
<ind_PK_UK id="32D0C9E7-86A4-5417-8D14-D62FA8E47D1D" name="Podela_Glumac_FK">
<createdBy>Marija Kukic</createdBy>
<createdTime>2019-12-04 12:31:18 UTC</createdTime>
<generatorID>C270537C-89F8-94B0-EC00-56282B8DB163</generatorID>
<ownerDesignName>pozoriste</ownerDesignName>
<indexState>Foreign Key</indexState>
<isSurrogateKey>false</isSurrogateKey>
<indexColumnUsage>
<colUsage columnID="D3566D0A-161C-FB5B-A217-411EBEECC16C"/>
</indexColumnUsage>
</ind_PK_UK>
<ind_PK_UK id="0ED81C0D-2D5C-7407-73F3-104049F4BEC4" name="Podela_Uloga_FK">
<createdBy>Marija Kukic</createdBy>
<createdTime>2019-12-04 12:31:18 UTC</createdTime>
<generatorID>1165DE95-7BA6-2358-E975-B2D0E9B5BC10</generatorID>
<ownerDesignName>pozoriste</ownerDesignName>
<indexState>Foreign Key</indexState>
<isSurrogateKey>false</isSurrogateKey>
<indexColumnUsage>
<colUsage columnID="59D15D5B-B3C2-6506-1307-9C71DF44FDE0"/>
</indexColumnUsage>
</ind_PK_UK>
</indexes>
</Table>