<?xml version = '1.0' encoding = 'UTF-8'?>
<Table class="oracle.dbtools.crest.model.design.relational.Table" directorySegmentName="seg_0" id="0B8807F4-F8B7-B9B1-E79B-AF6748CFAC49" name="Tehnicar">
<createdBy>Marija Kukic</createdBy>
<createdTime>2019-12-04 12:31:18 UTC</createdTime>
<generatorID>92997BD7-9577-B4D6-2A82-67395F7D28DF</generatorID>
<ownerDesignName>pozoriste</ownerDesignName>
<allowColumnReorder>false</allowColumnReorder>
<existDependencyGenerateInDDl>true</existDependencyGenerateInDDl>
<parsed>true</parsed>
<columns itemClass="oracle.dbtools.crest.model.design.relational.Column">
<Column name="mbr" id="05370372-05A6-7CEE-E434-ECBAB81F7079">
<createdBy>Marija Kukic</createdBy>
<createdTime>2019-12-04 12:31:18 UTC</createdTime>
<generatorID>B3CEE31D-9996-E936-ACBA-F52F9C4A5599</generatorID>
<ownerDesignName>pozoriste</ownerDesignName>
<useDomainConstraints>false</useDomainConstraints>
<use>1</use>
<logicalDatatype>LOGDT011</logicalDatatype>
<ownDataTypeParameters>,,</ownDataTypeParameters>
<autoIncrementCycle>false</autoIncrementCycle>
<associations>
<colAssociation fkAssociation="6AA1AC37-CE82-9F1E-2E85-35FFF04636D0" referredColumn="97A2ABAA-650E-CC92-FAF3-5C96D2F9BC31"/>
</associations>
</Column>
<Column name="tipap" id="8E28EFD4-D2CE-CFBA-1F9C-EDF26F92DAA4">
<createdBy>Marija Kukic</createdBy>
<createdTime>2019-12-04 12:31:18 UTC</createdTime>
<generatorID>34FAF0A5-672C-5ECC-706A-49E34433EB01</generatorID>
<ownerDesignName>pozoriste</ownerDesignName>
<useDomainConstraints>false</useDomainConstraints>
<use>1</use>
<logicalDatatype>LOGDT024</logicalDatatype>
<dataTypeSize>32 CHAR</dataTypeSize>
<ownDataTypeParameters>32 CHAR,,</ownDataTypeParameters>
<autoIncrementCycle>false</autoIncrementCycle>
</Column>
</columns>
<indexes itemClass="oracle.dbtools.crest.model.design.relational.Index">
<ind_PK_UK id="190C9239-852F-7CF8-8074-415ABE938445" name="Tehnicar_PK">
<createdBy>Marija Kukic</createdBy>
<createdTime>2019-12-04 12:31:18 UTC</createdTime>
<generatorID>4560AFEA-D4AA-B1C5-D292-3E649D002971</generatorID>
<ownerDesignName>pozoriste</ownerDesignName>
<pk>true</pk>
<indexState>Primary Constraint</indexState>
<isSurrogateKey>false</isSurrogateKey>
<indexColumnUsage>
<colUsage columnID="05370372-05A6-7CEE-E434-ECBAB81F7079"/>
</indexColumnUsage>
</ind_PK_UK>
<ind_PK_UK id="8DFC4625-6DE6-168B-3621-CE2AAE0BE27B" name="Tehnicar_Radnik_FK">
<createdBy>Marija Kukic</createdBy>
<createdTime>2019-12-04 12:31:18 UTC</createdTime>
<generatorID>57C063A6-2226-78E7-F960-9438018FA64D</generatorID>
<ownerDesignName>pozoriste</ownerDesignName>
<indexState>Foreign Key</indexState>
<isSurrogateKey>false</isSurrogateKey>
<indexColumnUsage>
<colUsage columnID="05370372-05A6-7CEE-E434-ECBAB81F7079"/>
</indexColumnUsage>
</ind_PK_UK>
</indexes>
</Table>