<?xml version = '1.0' encoding = 'UTF-8'?>
<Table class="oracle.dbtools.crest.model.design.relational.Table" directorySegmentName="seg_0" id="17EC44ED-6752-61D9-46A3-C93CE589A064" name="Scena">
<createdBy>Marija Kukic</createdBy>
<createdTime>2019-12-04 12:31:18 UTC</createdTime>
<generatorID>9B5CA18C-7599-0534-C0E7-EB8606A8BFFC</generatorID>
<ownerDesignName>pozoriste</ownerDesignName>
<allowColumnReorder>false</allowColumnReorder>
<existDependencyGenerateInDDl>true</existDependencyGenerateInDDl>
<parsed>true</parsed>
<columns itemClass="oracle.dbtools.crest.model.design.relational.Column">
<Column name="idsce" id="DB6F1FCD-8E21-7AD0-6AEE-D57D16415EB0">
<createdBy>Marija Kukic</createdBy>
<createdTime>2019-12-04 12:31:18 UTC</createdTime>
<generatorID>E11BC6D1-2C46-5A41-3942-506431D7494A</generatorID>
<ownerDesignName>pozoriste</ownerDesignName>
<useDomainConstraints>false</useDomainConstraints>
<use>1</use>
<logicalDatatype>LOGDT011</logicalDatatype>
<ownDataTypeParameters>,,</ownDataTypeParameters>
<autoIncrementCycle>false</autoIncrementCycle>
</Column>
<Column name="nazivsce" id="42786602-81E1-9821-BF61-8B416DB11AF5">
<createdBy>Marija Kukic</createdBy>
<createdTime>2019-12-04 12:31:18 UTC</createdTime>
<generatorID>CF7D45A8-E8C8-EECE-8C59-394DF1BF9411</generatorID>
<ownerDesignName>pozoriste</ownerDesignName>
<useDomainConstraints>false</useDomainConstraints>
<use>1</use>
<logicalDatatype>LOGDT024</logicalDatatype>
<dataTypeSize>32 CHAR</dataTypeSize>
<ownDataTypeParameters>32 CHAR,,</ownDataTypeParameters>
<autoIncrementCycle>false</autoIncrementCycle>
</Column>
<Column name="brojsed" id="4EF31531-8940-D0C0-8A99-8814631674FE">
<createdBy>Marija Kukic</createdBy>
<createdTime>2019-12-04 12:31:18 UTC</createdTime>
<generatorID>5209B4BD-50B7-A37D-EDD0-C7D26DA9DDC2</generatorID>
<ownerDesignName>pozoriste</ownerDesignName>
<useDomainConstraints>false</useDomainConstraints>
<use>1</use>
<logicalDatatype>LOGDT011</logicalDatatype>
<ownDataTypeParameters>,,</ownDataTypeParameters>
<autoIncrementCycle>false</autoIncrementCycle>
</Column>
<Column name="Pozoriste_idpoz" id="A5B50BC8-2C1C-924D-4D2F-2B3F36715BA2">
<createdBy>Marija Kukic</createdBy>
<createdTime>2019-12-04 12:31:18 UTC</createdTime>
<generatorID>32AC2C34-B584-6A2C-BAE1-A9EA2671204B</generatorID>
<ownerDesignName>pozoriste</ownerDesignName>
<useDomainConstraints>false</useDomainConstraints>
<use>1</use>
<logicalDatatype>LOGDT011</logicalDatatype>
<ownDataTypeParameters>,,</ownDataTypeParameters>
<previousColumn>false</previousColumn>
<autoIncrementCycle>false</autoIncrementCycle>
<associations>
<colAssociation fkAssociation="F2F7AAA1-BA02-2AF0-8A62-4565BDA9713B" referredColumn="8B073994-89D9-B172-B7A2-D1606EC59EF2"/>
</associations>
</Column>
</columns>
<indexes itemClass="oracle.dbtools.crest.model.design.relational.Index">
<ind_PK_UK id="D555FDFA-EF8B-8725-63E1-F73BFE4FACEE" name="Scena_PK">
<createdBy>Marija Kukic</createdBy>
<createdTime>2019-12-04 12:31:18 UTC</createdTime>
<generatorID>1A2EF8DD-CD5D-6722-E66A-AFD8B7D6C50F</generatorID>
<ownerDesignName>pozoriste</ownerDesignName>
<pk>true</pk>
<indexState>Primary Constraint</indexState>
<isSurrogateKey>false</isSurrogateKey>
<indexColumnUsage>
<colUsage columnID="DB6F1FCD-8E21-7AD0-6AEE-D57D16415EB0"/>
</indexColumnUsage>
</ind_PK_UK>
<ind_PK_UK id="C55B7810-6312-163D-A3F8-0F7EA6E46F12" name="Scena_Pozoriste_FK">
<createdBy>Marija Kukic</createdBy>
<createdTime>2019-12-04 12:31:18 UTC</createdTime>
<generatorID>DA383414-694E-4786-8A49-3B1E7F279061</generatorID>
<ownerDesignName>pozoriste</ownerDesignName>
<indexState>Foreign Key</indexState>
<isSurrogateKey>false</isSurrogateKey>
<indexColumnUsage>
<colUsage columnID="A5B50BC8-2C1C-924D-4D2F-2B3F36715BA2"/>
</indexColumnUsage>
</ind_PK_UK>
</indexes>
</Table>