<?xml version = '1.0' encoding = 'UTF-8'?>
<Table class="oracle.dbtools.crest.model.design.relational.Table" directorySegmentName="seg_0" id="5412958E-73A1-206D-B461-3A8EF8CA0892" name="Glumac">
<createdBy>Marija Kukic</createdBy>
<createdTime>2019-12-04 12:31:18 UTC</createdTime>
<generatorID>28D8B207-6098-400C-851B-21E4D1999FC7</generatorID>
<ownerDesignName>pozoriste</ownerDesignName>
<allowColumnReorder>false</allowColumnReorder>
<existDependencyGenerateInDDl>true</existDependencyGenerateInDDl>
<parsed>true</parsed>
<columns itemClass="oracle.dbtools.crest.model.design.relational.Column">
<Column name="mbg" id="CC78C046-2563-0C85-712B-2C6238BC1DDC">
<createdBy>Marija Kukic</createdBy>
<createdTime>2019-12-04 12:31:18 UTC</createdTime>
<generatorID>C897688C-B958-6697-A60D-70605E0BA457</generatorID>
<ownerDesignName>pozoriste</ownerDesignName>
<useDomainConstraints>false</useDomainConstraints>
<use>1</use>
<logicalDatatype>LOGDT011</logicalDatatype>
<ownDataTypeParameters>,,</ownDataTypeParameters>
<autoIncrementCycle>false</autoIncrementCycle>
</Column>
<Column name="imeg" id="89E3D0B1-F484-6A0B-9D0B-4EA3B3AD440F">
<createdBy>Marija Kukic</createdBy>
<createdTime>2019-12-04 12:31:18 UTC</createdTime>
<generatorID>9A6E6C55-5640-0B51-269C-200F0388ADE6</generatorID>
<ownerDesignName>pozoriste</ownerDesignName>
<useDomainConstraints>false</useDomainConstraints>
<use>1</use>
<logicalDatatype>LOGDT024</logicalDatatype>
<dataTypeSize>32 CHAR</dataTypeSize>
<ownDataTypeParameters>32 CHAR,,</ownDataTypeParameters>
<autoIncrementCycle>false</autoIncrementCycle>
</Column>
<Column name="datumr" id="519ED7F8-4525-577F-9C40-7F461C9F203B">
<createdBy>Marija Kukic</createdBy>
<createdTime>2019-12-04 12:31:18 UTC</createdTime>
<generatorID>5BFF370D-6B12-6EF1-3859-6079B8FC9AEE</generatorID>
<ownerDesignName>pozoriste</ownerDesignName>
<nullsAllowed>true</nullsAllowed>
<useDomainConstraints>false</useDomainConstraints>
<use>1</use>
<logicalDatatype>LOGDT007</logicalDatatype>
<ownDataTypeParameters>,,</ownDataTypeParameters>
<autoIncrementCycle>false</autoIncrementCycle>
</Column>
<Column name="status" id="F049F911-C182-F7B7-00B7-65922A56A350">
<createdBy>Marija Kukic</createdBy>
<createdTime>2019-12-04 12:31:18 UTC</createdTime>
<generatorID>DAD3F317-9006-C519-E252-5FA1FCE9CDC8</generatorID>
<ownerDesignName>pozoriste</ownerDesignName>
<nullsAllowed>true</nullsAllowed>
<useDomainConstraints>false</useDomainConstraints>
<use>1</use>
<logicalDatatype>LOGDT006</logicalDatatype>
<dataTypeSize>1 BYTE</dataTypeSize>
<ownDataTypeParameters>1 BYTE,,</ownDataTypeParameters>
<autoIncrementCycle>false</autoIncrementCycle>
</Column>
<Column name="plata" id="61B9F865-3E27-42EB-182B-F7AA945F4A1A">
<createdBy>Marija Kukic</createdBy>
<createdTime>2019-12-04 12:31:18 UTC</createdTime>
<generatorID>6C6C9AFE-1728-5027-C6A8-F1EBCA20A8FC</generatorID>
<ownerDesignName>pozoriste</ownerDesignName>
<useDomainConstraints>false</useDomainConstraints>
<use>1</use>
<logicalDatatype>LOGDT026</logicalDatatype>
<dataTypePrecision>10</dataTypePrecision>
<dataTypeScale>2</dataTypeScale>
<ownDataTypeParameters>,10,2</ownDataTypeParameters>
<autoIncrementCycle>false</autoIncrementCycle>
</Column>
<Column name="dodatak" id="B3872110-1CD0-3D49-E8C0-7B205477167D">
<createdBy>Marija Kukic</createdBy>
<createdTime>2019-12-04 12:31:18 UTC</createdTime>
<generatorID>9E3E8E00-D6D3-3C13-5EF3-6BE7B4C16743</generatorID>
<ownerDesignName>pozoriste</ownerDesignName>
<nullsAllowed>true</nullsAllowed>
<useDomainConstraints>false</useDomainConstraints>
<use>1</use>
<logicalDatatype>LOGDT026</logicalDatatype>
<dataTypePrecision>10</dataTypePrecision>
<dataTypeScale>2</dataTypeScale>
<ownDataTypeParameters>,10,2</ownDataTypeParameters>
<autoIncrementCycle>false</autoIncrementCycle>
</Column>
<Column name="Pozoriste_idpoz" id="425FB2FA-66B1-3902-3313-B5B242F301CA">
<createdBy>Marija Kukic</createdBy>
<createdTime>2019-12-04 12:31:18 UTC</createdTime>
<generatorID>D28984C0-ABA3-CDD6-00ED-F34816EC2CC1</generatorID>
<ownerDesignName>pozoriste</ownerDesignName>
<nullsAllowed>true</nullsAllowed>
<useDomainConstraints>false</useDomainConstraints>
<use>1</use>
<logicalDatatype>LOGDT011</logicalDatatype>
<ownDataTypeParameters>,,</ownDataTypeParameters>
<previousColumn>false</previousColumn>
<autoIncrementCycle>false</autoIncrementCycle>
<associations>
<colAssociation fkAssociation="3409AFDB-A97C-4AB6-994B-849961129EC4" referredColumn="8B073994-89D9-B172-B7A2-D1606EC59EF2"/>
</associations>
</Column>
</columns>
<indexes itemClass="oracle.dbtools.crest.model.design.relational.Index">
<ind_PK_UK id="547B6E7E-8D4F-D719-133D-E13593776182" name="Glumac_PK">
<createdBy>Marija Kukic</createdBy>
<createdTime>2019-12-04 12:31:18 UTC</createdTime>
<generatorID>BBDE99D8-91EF-A9C2-00E4-3D4B9EAFF4C3</generatorID>
<ownerDesignName>pozoriste</ownerDesignName>
<pk>true</pk>
<indexState>Primary Constraint</indexState>
<isSurrogateKey>false</isSurrogateKey>
<indexColumnUsage>
<colUsage columnID="CC78C046-2563-0C85-712B-2C6238BC1DDC"/>
</indexColumnUsage>
</ind_PK_UK>
<ind_PK_UK id="25B4BEC8-D617-712A-358F-8E8305F9AE99" name="Glumac_Pozoriste_FK">
<createdBy>Marija Kukic</createdBy>
<createdTime>2019-12-04 12:31:18 UTC</createdTime>
<generatorID>C3308450-80EE-A1AC-AB10-7CC108A0F55A</generatorID>
<ownerDesignName>pozoriste</ownerDesignName>
<indexState>Foreign Key</indexState>
<isSurrogateKey>false</isSurrogateKey>
<indexColumnUsage>
<colUsage columnID="425FB2FA-66B1-3902-3313-B5B242F301CA"/>
</indexColumnUsage>
</ind_PK_UK>
</indexes>
</Table>