<?xml version = '1.0' encoding = 'UTF-8'?>
<Diagram class="oracle.dbtools.crest.swingui.relational.DPVRelational" name="Relational_1" id="FFFE37DF-2B6C-1A2F-587E-A30BF7D401DB">
<createdBy>Marija Kukic</createdBy>
<modifiedBy>Marija Kukic</modifiedBy>
<createdTime>2019-12-04 12:29:18 UTC</createdTime>
<autoRoute>false</autoRoute>
<boxInbox>true</boxInbox>
<showLegend>false</showLegend>
<showLabels>false</showLabels>
<showRelAttributes>false</showRelAttributes>
<gridEnabled>false</gridEnabled>
<showGrid>false</showGrid>
<diagramColor>-1</diagramColor>
<display>false</display>
<notation>1</notation>
<objectViews>
<OView class="oracle.dbtools.crest.swingui.relational.TVTable" oid="06080C90-7456-7A04-AD3F-6F44B7202836" otype="Table" vid="68C78509-24E1-3D18-4A30-24C9786F55B5">
<hideElementsInCurrentOnly>false</hideElementsInCurrentOnly>
<bounds x="617" y="263" width="173" height="119"/>
</OView>
<OView class="oracle.dbtools.crest.swingui.relational.TVTable" oid="160854B6-0F33-45DC-B025-1CE6752DC462" otype="Table" vid="092B9736-E6FB-58EA-47BE-57BD1200FCF7">
<hideElementsInCurrentOnly>false</hideElementsInCurrentOnly>
<bounds x="1149" y="457" width="150" height="52"/>
</OView>
<OView class="oracle.dbtools.crest.swingui.relational.TVTable" oid="19103452-B621-57D9-BB28-D7AC64A1A7B8" otype="Table" vid="5EE5BDCC-E826-C266-94F1-BF47B10712CF">
<hideElementsInCurrentOnly>false</hideElementsInCurrentOnly>
<bounds x="1148" y="389" width="150" height="58"/>
</OView>
<OView class="oracle.dbtools.crest.swingui.relational.TVTable" oid="2A101BEA-4C94-2C67-D010-046DAEB51D96" otype="Table" vid="8B6FC30A-578E-8135-BCDF-5071C877C89C">
<hideElementsInCurrentOnly>false</hideElementsInCurrentOnly>
<bounds x="625" y="435" width="162" height="87"/>
</OView>
<OView class="oracle.dbtools.crest.swingui.relational.TVTable" oid="3651E781-B477-3015-514F-6B071C2EE25D" otype="Table" vid="6AF195E7-C8E8-7DB2-C463-7EF99892BDE7">
<hideElementsInCurrentOnly>false</hideElementsInCurrentOnly>
<bounds x="397" y="50" width="162" height="124"/>
</OView>
<OView class="oracle.dbtools.crest.swingui.relational.TVTable" oid="4E641C0B-7436-689D-F6ED-51DCA035AE3A" otype="Table" vid="AF9B7229-664A-1B3F-03B8-13225EABBFB9">
<hideElementsInCurrentOnly>false</hideElementsInCurrentOnly>
<bounds x="866" y="27" width="192" height="144"/>
</OView>
<OView class="oracle.dbtools.crest.swingui.relational.TVTable" oid="505E70D2-192D-CEF2-94F7-C64D09826CD4" otype="Table" vid="1B9E255F-5F57-EF2A-8EDD-9AE0A6B7BDF5">
<hideElementsInCurrentOnly>false</hideElementsInCurrentOnly>
<bounds x="153" y="49" width="169" height="107"/>
</OView>
<OView class="oracle.dbtools.crest.swingui.relational.TVTable" oid="69CE0495-2D7A-EAC4-9A2C-3F6AB7EC450F" otype="Table" vid="4ED4C98C-0C79-78D4-2E10-F300B3B2E6CD">
<hideElementsInCurrentOnly>false</hideElementsInCurrentOnly>
<bounds x="1089" y="93" width="166" height="81"/>
</OView>
<OView class="oracle.dbtools.crest.swingui.relational.TVTable" oid="87F218E9-6CEC-8B3F-6661-A2A1097CF0F4" otype="Table" vid="84C114A7-B834-BC2F-95D1-0B05EB63BC1B">
<hideElementsInCurrentOnly>false</hideElementsInCurrentOnly>
<bounds x="399" y="273" width="160" height="113"/>
</OView>
<OView class="oracle.dbtools.crest.swingui.relational.TVTable" oid="8B47A935-1965-4A5A-F5AD-06873E08EB7B" otype="Table" vid="CEC510C9-14CE-E456-DD16-FD6F2E4BC2C3">
<hideElementsInCurrentOnly>false</hideElementsInCurrentOnly>
<bounds x="608" y="34" width="193" height="135"/>
</OView>
<OView class="oracle.dbtools.crest.swingui.relational.TVTable" oid="9423016B-B3F8-8243-03B1-388F0DF137E8" otype="Table" vid="0B495AB9-D697-68A6-9B10-AA212CE86001">
<hideElementsInCurrentOnly>false</hideElementsInCurrentOnly>
<bounds x="889" y="422" width="163" height="151"/>
</OView>
<OView class="oracle.dbtools.crest.swingui.relational.TVTable" oid="F6840ED7-6F44-E9D0-0830-61A6FE6DB729" otype="Table" vid="FDBBE334-4641-201C-6F15-2CC8CE78DF15">
<hideElementsInCurrentOnly>false</hideElementsInCurrentOnly>
<bounds x="143" y="238" width="173" height="146"/>
</OView>
<OView class="oracle.dbtools.crest.swingui.relational.TVTable" oid="FE81469B-5C56-9FC8-4B75-411761EF97D0" otype="Table" vid="23838BB5-5CEC-E590-BFFF-8B9B1E742C90">
<hideElementsInCurrentOnly>false</hideElementsInCurrentOnly>
<bounds x="1089" y="246" width="166" height="89"/>
</OView>
</objectViews>
<connectors>
<Connector class="oracle.dbtools.crest.swingui.relational.TVFKRelation" oid="00D9D3F5-10D1-F267-0190-F86D725DB286" otype="FKIndexAssociation" vid_source="1B9E255F-5F57-EF2A-8EDD-9AE0A6B7BDF5" vid_target="FDBBE334-4641-201C-6F15-2CC8CE78DF15">
<hideElementsInCurrentOnly>false</hideElementsInCurrentOnly>
<backgroundColor>-16777216</backgroundColor>
<lineWidth>1</lineWidth>
<points>
<point x="234" y="156"/>
<point x="150" y="238"/>
</points>
</Connector>
<Connector class="oracle.dbtools.crest.swingui.relational.TVFKRelation" oid="0852DDC6-FE29-BE18-41F2-53FEF34DF75C" otype="FKIndexAssociation" vid_source="84C114A7-B834-BC2F-95D1-0B05EB63BC1B" vid_target="FDBBE334-4641-201C-6F15-2CC8CE78DF15">
<hideElementsInCurrentOnly>false</hideElementsInCurrentOnly>
<backgroundColor>-16777216</backgroundColor>
<lineWidth>1</lineWidth>
<points>
<point x="399" y="328"/>
<point x="316" y="317"/>
</points>
</Connector>
<Connector class="oracle.dbtools.crest.swingui.relational.TVFKRelation" oid="0CB6EE73-2281-7665-70D6-4D9F3D34DB34" otype="FKIndexAssociation" vid_source="4ED4C98C-0C79-78D4-2E10-F300B3B2E6CD" vid_target="23838BB5-5CEC-E590-BFFF-8B9B1E742C90">
<hideElementsInCurrentOnly>false</hideElementsInCurrentOnly>
<backgroundColor>-16777216</backgroundColor>
<lineWidth>1</lineWidth>
<points>
<point x="1239" y="174"/>
<point x="1239" y="246"/>
</points>
</Connector>
<Connector class="oracle.dbtools.crest.swingui.relational.TVFKRelation" oid="29BF4683-C41F-995B-C637-C4894620E9E6" otype="FKIndexAssociation" vid_source="0B495AB9-D697-68A6-9B10-AA212CE86001" vid_target="0B495AB9-D697-68A6-9B10-AA212CE86001">
<hideElementsInCurrentOnly>false</hideElementsInCurrentOnly>
<backgroundColor>-16777216</backgroundColor>
<lineWidth>1</lineWidth>
<points>
<point x="1052" y="510"/>
<point x="1077" y="510"/>
<point x="1077" y="598"/>
<point x="984" y="598"/>
<point x="984" y="573"/>
</points>
</Connector>
<Connector class="oracle.dbtools.crest.swingui.relational.TVFKRelation" oid="30B521F9-C5BD-2CFA-2AF5-9A305035355B" otype="FKIndexAssociation" vid_source="23838BB5-5CEC-E590-BFFF-8B9B1E742C90" vid_target="68C78509-24E1-3D18-4A30-24C9786F55B5">
<hideElementsInCurrentOnly>false</hideElementsInCurrentOnly>
<backgroundColor>-16777216</backgroundColor>
<lineWidth>1</lineWidth>
<points>
<point x="1141" y="335"/>
<point x="790" y="301"/>
</points>
</Connector>
<Connector class="oracle.dbtools.crest.swingui.relational.TVFKRelation" oid="369F7386-9017-C431-AF0B-510835B9BE1E" otype="FKIndexAssociation" vid_source="68C78509-24E1-3D18-4A30-24C9786F55B5" vid_target="8B6FC30A-578E-8135-BCDF-5071C877C89C">
<hideElementsInCurrentOnly>false</hideElementsInCurrentOnly>
<backgroundColor>-16777216</backgroundColor>
<lineWidth>1</lineWidth>
<points>
<point x="706" y="382"/>
<point x="701" y="522"/>
</points>
</Connector>
<Connector class="oracle.dbtools.crest.swingui.relational.TVFKRelation" oid="5765E8AA-7285-9A84-28B4-6F91C75FB14C" otype="FKIndexAssociation" vid_source="1B9E255F-5F57-EF2A-8EDD-9AE0A6B7BDF5" vid_target="6AF195E7-C8E8-7DB2-C463-7EF99892BDE7">
<hideElementsInCurrentOnly>false</hideElementsInCurrentOnly>
<backgroundColor>-16777216</backgroundColor>
<lineWidth>1</lineWidth>
<points>
<point x="322" y="103"/>
<point x="397" y="100"/>
</points>
</Connector>
<Connector class="oracle.dbtools.crest.swingui.relational.TVFKRelation" oid="8A622D33-4557-1AD7-AB6F-E9FDA3F0AB4D" otype="FKIndexAssociation" vid_source="8B6FC30A-578E-8135-BCDF-5071C877C89C" vid_target="0B495AB9-D697-68A6-9B10-AA212CE86001">
<hideElementsInCurrentOnly>false</hideElementsInCurrentOnly>
<backgroundColor>-16777216</backgroundColor>
<lineWidth>1</lineWidth>
<points>
<point x="787" y="478"/>
<point x="889" y="510"/>
</points>
</Connector>
<Connector class="oracle.dbtools.crest.swingui.relational.TVFKRelation" oid="8E9DED17-0FD4-C5FC-B961-8F9DA6D3EFE4" otype="FKIndexAssociation" vid_source="0B495AB9-D697-68A6-9B10-AA212CE86001" vid_target="5EE5BDCC-E826-C266-94F1-BF47B10712CF">
<hideElementsInCurrentOnly>false</hideElementsInCurrentOnly>
<backgroundColor>-16777216</backgroundColor>
<lineWidth>1</lineWidth>
<points>
<point x="1052" y="434"/>
<point x="1148" y="434"/>
</points>
</Connector>
<Connector class="oracle.dbtools.crest.swingui.relational.TVFKRelation" oid="AC08F170-4219-9424-C30A-C9215C8BA486" otype="FKIndexAssociation" vid_source="68C78509-24E1-3D18-4A30-24C9786F55B5" vid_target="AF9B7229-664A-1B3F-03B8-13225EABBFB9">
<hideElementsInCurrentOnly>false</hideElementsInCurrentOnly>
<backgroundColor>-16777216</backgroundColor>
<lineWidth>1</lineWidth>
<points>
<point x="790" y="277"/>
<point x="956" y="277"/>
<point x="956" y="171"/>
</points>
</Connector>
<Connector class="oracle.dbtools.crest.swingui.relational.TVFKRelation" oid="CAD3C899-1A35-1770-073E-BF5ACB7D50F1" otype="FKIndexAssociation" vid_source="AF9B7229-664A-1B3F-03B8-13225EABBFB9" vid_target="CEC510C9-14CE-E456-DD16-FD6F2E4BC2C3">
<hideElementsInCurrentOnly>false</hideElementsInCurrentOnly>
<backgroundColor>-16777216</backgroundColor>
<lineWidth>1</lineWidth>
<points>
<point x="866" y="116"/>
<point x="801" y="116"/>
</points>
</Connector>
<Connector class="oracle.dbtools.crest.swingui.relational.TVFKRelation" oid="D2BE45C4-1D22-5312-49FD-3DB8FF75D85A" otype="FKIndexAssociation" vid_source="0B495AB9-D697-68A6-9B10-AA212CE86001" vid_target="092B9736-E6FB-58EA-47BE-57BD1200FCF7">
<hideElementsInCurrentOnly>false</hideElementsInCurrentOnly>
<backgroundColor>-16777216</backgroundColor>
<lineWidth>1</lineWidth>
<points>
<point x="1052" y="483"/>
<point x="1149" y="483"/>
</points>
</Connector>
<Connector class="oracle.dbtools.crest.swingui.relational.TVFKRelation" oid="D9C2BE1A-6E39-9ECB-6A36-C3CC7704F569" otype="FKIndexAssociation" vid_source="68C78509-24E1-3D18-4A30-24C9786F55B5" vid_target="84C114A7-B834-BC2F-95D1-0B05EB63BC1B">
<hideElementsInCurrentOnly>false</hideElementsInCurrentOnly>
<backgroundColor>-16777216</backgroundColor>
<lineWidth>1</lineWidth>
<points>
<point x="617" y="327"/>
<point x="514" y="386"/>
</points>
</Connector>
<Connector class="oracle.dbtools.crest.swingui.relational.TVFKRelation" oid="F5660DD0-9450-0FE1-0463-B0A2901C7EB3" otype="FKIndexAssociation" vid_source="6AF195E7-C8E8-7DB2-C463-7EF99892BDE7" vid_target="CEC510C9-14CE-E456-DD16-FD6F2E4BC2C3">
<hideElementsInCurrentOnly>false</hideElementsInCurrentOnly>
<backgroundColor>-16777216</backgroundColor>
<lineWidth>1</lineWidth>
<points>
<point x="559" y="115"/>
<point x="608" y="109"/>
</points>
</Connector>
</connectors>
<arcs>
<Arc class="oracle.dbtools.crest.swingui.relational.TVFKArc" oid="8404F59A-5465-5CC7-D086-162E131CD95E" otype="FKArc" vid="51849ED7-7CC4-D183-4442-2ADC44896D1F">
<hideElementsInCurrentOnly>false</hideElementsInCurrentOnly>
<bounds x="869" y="402" width="203" height="191"/>
</Arc>
</arcs>
</Diagram>