<?xml version = '1.0' encoding = 'UTF-8'?>
<FKIndexAssociation class="oracle.dbtools.crest.model.design.relational.FKIndexAssociation" directorySegmentName="seg_0" id="13646542-C347-4C6E-25D3-37E30B51AAA7" containerWithKeyObject="0F56758B-8B29-144B-D11E-9E0855EE8FE1" localFKIndex="0DD10954-BB93-4D4F-C830-2479E12BD348" name="Upravnik_Radnik_FK">
<createdBy>Marija Kukic</createdBy>
<createdTime>2019-12-04 12:31:18 UTC</createdTime>
<generatorID>D032F22B-C47C-6693-3BF4-02384FF04EA1</generatorID>
<ownerDesignName>pozoriste</ownerDesignName>
<referredTableLongName>Radnik</referredTableLongName>
<arc>67D97E2E-2763-5FF9-9E10-CC34C6F20111</arc>
<deleteRule>NO ACTION</deleteRule>
<referredTableID>CF715B35-8B3B-71E1-57E3-590FE1551F5D</referredTableID>
<keyObject>22733814-722B-E6E1-A88B-23B9C74FC2FE</keyObject>
<referredKeyID>22733814-722B-E6E1-A88B-23B9C74FC2FE</referredKeyID>
<mandatory>true</mandatory>
<refColNames>mbr</refColNames>
<transferable>true</transferable>
<rely>false</rely>
<columnDependencyConstraintGenerateInDDL>true</columnDependencyConstraintGenerateInDDL>
</FKIndexAssociation>