<?xml version = '1.0' encoding = 'UTF-8'?>
<FKIndexAssociation class="oracle.dbtools.crest.model.design.relational.FKIndexAssociation" directorySegmentName="seg_0" id="30C652EA-5D6D-0076-3E02-B3C63DECB0E1" containerWithKeyObject="020303B8-A98C-189C-35AF-6C0DAA7EF18C" localFKIndex="8241B7EF-742F-2D34-AEB7-00A6324833D5" name="Mesto_Drzava_FK">
<createdBy>Marija Kukic</createdBy>
<createdTime>2019-12-04 12:31:18 UTC</createdTime>
<generatorID>BD6B7D23-DC13-258B-FABC-5B608A05B1B1</generatorID>
<ownerDesignName>pozoriste</ownerDesignName>
<referredTableLongName>Drzava</referredTableLongName>
<deleteRule>NO ACTION</deleteRule>
<referredTableID>8F1CEE32-29DB-4606-BBE4-8B440EEAA72F</referredTableID>
<keyObject>E1879699-16AB-39B8-2D98-C1089E8FB47E</keyObject>
<referredKeyID>E1879699-16AB-39B8-2D98-C1089E8FB47E</referredKeyID>
<mandatory>true</mandatory>
<refColNames>idd</refColNames>
<transferable>true</transferable>
<rely>false</rely>
<columnDependencyConstraintGenerateInDDL>true</columnDependencyConstraintGenerateInDDL>
</FKIndexAssociation>