<?xml version = '1.0' encoding = 'UTF-8'?>
<FKIndexAssociation class="oracle.dbtools.crest.model.design.relational.FKIndexAssociation" directorySegmentName="seg_0" id="3409AFDB-A97C-4AB6-994B-849961129EC4" containerWithKeyObject="5412958E-73A1-206D-B461-3A8EF8CA0892" localFKIndex="25B4BEC8-D617-712A-358F-8E8305F9AE99" name="Glumac_Pozoriste_FK">
<createdBy>Marija Kukic</createdBy>
<createdTime>2019-12-04 12:31:18 UTC</createdTime>
<generatorID>C3308450-80EE-A1AC-AB10-7CC108A0F55A</generatorID>
<ownerDesignName>pozoriste</ownerDesignName>
<referredTableLongName>Pozoriste</referredTableLongName>
<deleteRule>NO ACTION</deleteRule>
<referredTableID>07DF6D45-FBB1-3A03-2D7A-2BCF38362649</referredTableID>
<keyObject>C72F99DD-E7A4-D857-FD2E-49D1AAA65458</keyObject>
<referredKeyID>C72F99DD-E7A4-D857-FD2E-49D1AAA65458</referredKeyID>
<mandatory>false</mandatory>
<refColNames>idpoz</refColNames>
<transferable>true</transferable>
<rely>false</rely>
<columnDependencyConstraintGenerateInDDL>true</columnDependencyConstraintGenerateInDDL>
</FKIndexAssociation>