<?xml version = '1.0' encoding = 'UTF-8'?>
<FKIndexAssociation class="oracle.dbtools.crest.model.design.relational.FKIndexAssociation" directorySegmentName="seg_0" id="4285677A-C814-805C-1A00-1EEA5601082C" containerWithKeyObject="05A5677A-7CFF-49A1-1684-1ABDD9CCAACA" localFKIndex="0ED81C0D-2D5C-7407-73F3-104049F4BEC4" name="Podela_Uloga_FK">
<createdBy>Marija Kukic</createdBy>
<createdTime>2019-12-04 12:31:18 UTC</createdTime>
<generatorID>1165DE95-7BA6-2358-E975-B2D0E9B5BC10</generatorID>
<ownerDesignName>pozoriste</ownerDesignName>
<referredTableLongName>Uloga</referredTableLongName>
<deleteRule>NO ACTION</deleteRule>
<referredTableID>779E5543-26BD-6955-9EEB-527F74B5195E</referredTableID>
<keyObject>E5A5BFF9-EE9E-DB7F-F00D-3AD2B01D79A1</keyObject>
<referredKeyID>E5A5BFF9-EE9E-DB7F-F00D-3AD2B01D79A1</referredKeyID>
<mandatory>true</mandatory>
<refColNames>idul</refColNames>
<transferable>true</transferable>
<rely>false</rely>
<columnDependencyConstraintGenerateInDDL>true</columnDependencyConstraintGenerateInDDL>
</FKIndexAssociation>