<?xml version = '1.0' encoding = 'UTF-8'?>
<FKIndexAssociation class="oracle.dbtools.crest.model.design.relational.FKIndexAssociation" directorySegmentName="seg_0" id="4F6F2A65-4C71-B79C-C9BE-11DDC2FAB45A" containerWithKeyObject="02DDC441-5FD8-1729-4FAE-9967B448A2C4" localFKIndex="E5B856BF-0FDD-45E7-0C40-50FC51A4723D" name="Prikazivanje_Scena_FK">
<createdBy>Marija Kukic</createdBy>
<createdTime>2019-12-04 12:31:18 UTC</createdTime>
<generatorID>AE07DBED-C9D5-3E00-2D50-7F4D67C0B76C</generatorID>
<ownerDesignName>pozoriste</ownerDesignName>
<referredTableLongName>Scena</referredTableLongName>
<deleteRule>NO ACTION</deleteRule>
<referredTableID>17EC44ED-6752-61D9-46A3-C93CE589A064</referredTableID>
<keyObject>D555FDFA-EF8B-8725-63E1-F73BFE4FACEE</keyObject>
<referredKeyID>D555FDFA-EF8B-8725-63E1-F73BFE4FACEE</referredKeyID>
<mandatory>true</mandatory>
<refColNames>idsce</refColNames>
<transferable>true</transferable>
<rely>false</rely>
<columnDependencyConstraintGenerateInDDL>true</columnDependencyConstraintGenerateInDDL>
</FKIndexAssociation>