<?xml version = '1.0' encoding = 'UTF-8'?>
<FKIndexAssociation class="oracle.dbtools.crest.model.design.relational.FKIndexAssociation" directorySegmentName="seg_0" id="6AA1AC37-CE82-9F1E-2E85-35FFF04636D0" containerWithKeyObject="0B8807F4-F8B7-B9B1-E79B-AF6748CFAC49" localFKIndex="8DFC4625-6DE6-168B-3621-CE2AAE0BE27B" name="Tehnicar_Radnik_FK">
<createdBy>Marija Kukic</createdBy>
<createdTime>2019-12-04 12:31:18 UTC</createdTime>
<generatorID>57C063A6-2226-78E7-F960-9438018FA64D</generatorID>
<ownerDesignName>pozoriste</ownerDesignName>
<referredTableLongName>Radnik</referredTableLongName>
<arc>67D97E2E-2763-5FF9-9E10-CC34C6F20111</arc>
<deleteRule>NO ACTION</deleteRule>
<referredTableID>CF715B35-8B3B-71E1-57E3-590FE1551F5D</referredTableID>
<keyObject>22733814-722B-E6E1-A88B-23B9C74FC2FE</keyObject>
<referredKeyID>22733814-722B-E6E1-A88B-23B9C74FC2FE</referredKeyID>
<mandatory>true</mandatory>
<refColNames>mbr</refColNames>
<transferable>true</transferable>
<rely>false</rely>
<columnDependencyConstraintGenerateInDDL>true</columnDependencyConstraintGenerateInDDL>
</FKIndexAssociation>