<?xml version = '1.0' encoding = 'UTF-8'?>
<FKIndexAssociation class="oracle.dbtools.crest.model.design.relational.FKIndexAssociation" directorySegmentName="seg_0" id="6F8937CA-DCDD-E057-05A8-9330D021BE98" containerWithKeyObject="05A5677A-7CFF-49A1-1684-1ABDD9CCAACA" localFKIndex="32D0C9E7-86A4-5417-8D14-D62FA8E47D1D" name="Podela_Glumac_FK">
<createdBy>Marija Kukic</createdBy>
<createdTime>2019-12-04 12:31:18 UTC</createdTime>
<generatorID>C270537C-89F8-94B0-EC00-56282B8DB163</generatorID>
<ownerDesignName>pozoriste</ownerDesignName>
<referredTableLongName>Glumac</referredTableLongName>
<deleteRule>NO ACTION</deleteRule>
<referredTableID>5412958E-73A1-206D-B461-3A8EF8CA0892</referredTableID>
<keyObject>547B6E7E-8D4F-D719-133D-E13593776182</keyObject>
<referredKeyID>547B6E7E-8D4F-D719-133D-E13593776182</referredKeyID>
<mandatory>true</mandatory>
<refColNames>mbg</refColNames>
<transferable>true</transferable>
<rely>false</rely>
<columnDependencyConstraintGenerateInDDL>true</columnDependencyConstraintGenerateInDDL>
</FKIndexAssociation>