<?xml version = '1.0' encoding = 'UTF-8'?>
<FKIndexAssociation class="oracle.dbtools.crest.model.design.relational.FKIndexAssociation" directorySegmentName="seg_0" id="7831E649-8A35-E925-C006-37FF271301DC" containerWithKeyObject="CF715B35-8B3B-71E1-57E3-590FE1551F5D" localFKIndex="EE34D9B0-BF2D-00CE-0AAA-1939D9E36BEE" name="Radnik_Radnik_FK">
<createdBy>Marija Kukic</createdBy>
<createdTime>2019-12-04 12:31:18 UTC</createdTime>
<generatorID>5A0F9AF9-BA53-BA96-B812-5B87FF3B85EB</generatorID>
<ownerDesignName>pozoriste</ownerDesignName>
<referredTableLongName>Radnik</referredTableLongName>
<deleteRule>NO ACTION</deleteRule>
<referredTableID>CF715B35-8B3B-71E1-57E3-590FE1551F5D</referredTableID>
<keyObject>22733814-722B-E6E1-A88B-23B9C74FC2FE</keyObject>
<referredKeyID>22733814-722B-E6E1-A88B-23B9C74FC2FE</referredKeyID>
<mandatory>false</mandatory>
<refColNames>mbr</refColNames>
<transferable>true</transferable>
<rely>false</rely>
<columnDependencyConstraintGenerateInDDL>true</columnDependencyConstraintGenerateInDDL>
</FKIndexAssociation>