<?xml version = '1.0' encoding = 'UTF-8'?>
<FKIndexAssociation class="oracle.dbtools.crest.model.design.relational.FKIndexAssociation" directorySegmentName="seg_0" id="80C419DE-17A9-122C-6FED-35E42BCEEF42" containerWithKeyObject="02DDC441-5FD8-1729-4FAE-9967B448A2C4" localFKIndex="7355CFC6-EE2A-3D3E-EC88-2F0CBCBF188D" name="Prikazivanje_Predstava_FK">
<createdBy>Marija Kukic</createdBy>
<createdTime>2019-12-04 12:31:18 UTC</createdTime>
<generatorID>53D0A686-9E7F-2C79-552D-161E95928818</generatorID>
<ownerDesignName>pozoriste</ownerDesignName>
<referredTableLongName>Predstava</referredTableLongName>
<deleteRule>NO ACTION</deleteRule>
<referredTableID>9D131D0E-0F6F-D437-EFA1-3033A351EE44</referredTableID>
<keyObject>5959D510-03A8-72EC-42A1-D5C4514BB512</keyObject>
<referredKeyID>5959D510-03A8-72EC-42A1-D5C4514BB512</referredKeyID>
<mandatory>true</mandatory>
<refColNames>idpred</refColNames>
<transferable>true</transferable>
<rely>false</rely>
<columnDependencyConstraintGenerateInDDL>true</columnDependencyConstraintGenerateInDDL>
</FKIndexAssociation>