<?xml version = '1.0' encoding = 'UTF-8'?>
<FKIndexAssociation class="oracle.dbtools.crest.model.design.relational.FKIndexAssociation" directorySegmentName="seg_0" id="8888DE0A-0D28-E9EF-5E2A-5060ABE80709" containerWithKeyObject="CF715B35-8B3B-71E1-57E3-590FE1551F5D" localFKIndex="249F756B-9DD2-0CE5-3DCD-E290C893A045" name="Radnik_Sektor_FK">
<createdBy>Marija Kukic</createdBy>
<createdTime>2019-12-04 12:31:18 UTC</createdTime>
<generatorID>834F9D1B-E9B8-6389-3892-3D7CA81D2E04</generatorID>
<ownerDesignName>pozoriste</ownerDesignName>
<referredTableLongName>Sektor</referredTableLongName>
<deleteRule>NO ACTION</deleteRule>
<referredTableID>C3E1ADAE-81EF-3CA0-BCA0-1567D3115A09</referredTableID>
<keyObject>0D8B1349-5259-8359-25C0-7382BFCDAAEC</keyObject>
<referredKeyID>0D8B1349-5259-8359-25C0-7382BFCDAAEC</referredKeyID>
<mandatory>true</mandatory>
<refColNames>idsek</refColNames>
<transferable>true</transferable>
<rely>false</rely>
<columnDependencyConstraintGenerateInDDL>true</columnDependencyConstraintGenerateInDDL>
</FKIndexAssociation>