<?xml version = '1.0' encoding = 'UTF-8'?>
<FKIndexAssociation class="oracle.dbtools.crest.model.design.relational.FKIndexAssociation" directorySegmentName="seg_0" id="BA1F48C1-2A4D-08D2-952B-CD0FB82D8F93" containerWithKeyObject="07DF6D45-FBB1-3A03-2D7A-2BCF38362649" localFKIndex="83E44ACD-E57B-F396-C495-0ED0875466EB" name="Pozoriste_Mesto_FK">
<createdBy>Marija Kukic</createdBy>
<createdTime>2019-12-04 12:31:18 UTC</createdTime>
<generatorID>D742E29A-7701-1D6F-3534-EDDF87FA1CFA</generatorID>
<ownerDesignName>pozoriste</ownerDesignName>
<referredTableLongName>Mesto</referredTableLongName>
<deleteRule>NO ACTION</deleteRule>
<referredTableID>020303B8-A98C-189C-35AF-6C0DAA7EF18C</referredTableID>
<keyObject>8B5E0E3C-82B7-3C8B-39FC-3811DA99C503</keyObject>
<referredKeyID>8B5E0E3C-82B7-3C8B-39FC-3811DA99C503</referredKeyID>
<mandatory>true</mandatory>
<refColNames>idm</refColNames>
<transferable>true</transferable>
<rely>false</rely>
<columnDependencyConstraintGenerateInDDL>true</columnDependencyConstraintGenerateInDDL>
</FKIndexAssociation>