<?xml version = '1.0' encoding = 'UTF-8'?>
<FKIndexAssociation class="oracle.dbtools.crest.model.design.relational.FKIndexAssociation" directorySegmentName="seg_0" id="ED0F3002-6938-0EE4-24BC-3B689D6852B7" containerWithKeyObject="C3E1ADAE-81EF-3CA0-BCA0-1567D3115A09" localFKIndex="E7D9DA46-D07C-4BD6-F0BA-2379590377E2" name="Sektor_Pozoriste_FK">
<createdBy>Marija Kukic</createdBy>
<createdTime>2019-12-04 12:31:18 UTC</createdTime>
<generatorID>903A9646-B9D8-68C5-1B87-9E9E2BF5AF84</generatorID>
<ownerDesignName>pozoriste</ownerDesignName>
<referredTableLongName>Pozoriste</referredTableLongName>
<deleteRule>NO ACTION</deleteRule>
<referredTableID>07DF6D45-FBB1-3A03-2D7A-2BCF38362649</referredTableID>
<keyObject>C72F99DD-E7A4-D857-FD2E-49D1AAA65458</keyObject>
<referredKeyID>C72F99DD-E7A4-D857-FD2E-49D1AAA65458</referredKeyID>
<mandatory>true</mandatory>
<refColNames>idpoz</refColNames>
<transferable>true</transferable>
<rely>false</rely>
<columnDependencyConstraintGenerateInDDL>true</columnDependencyConstraintGenerateInDDL>
</FKIndexAssociation>