<?xml version = '1.0' encoding = 'UTF-8'?>
<FKIndexAssociation class="oracle.dbtools.crest.model.design.relational.FKIndexAssociation" directorySegmentName="seg_0" id="F2F7AAA1-BA02-2AF0-8A62-4565BDA9713B" containerWithKeyObject="17EC44ED-6752-61D9-46A3-C93CE589A064" localFKIndex="C55B7810-6312-163D-A3F8-0F7EA6E46F12" name="Scena_Pozoriste_FK">
<createdBy>Marija Kukic</createdBy>
<createdTime>2019-12-04 12:31:18 UTC</createdTime>
<generatorID>DA383414-694E-4786-8A49-3B1E7F279061</generatorID>
<ownerDesignName>pozoriste</ownerDesignName>
<referredTableLongName>Pozoriste</referredTableLongName>
<deleteRule>NO ACTION</deleteRule>
<referredTableID>07DF6D45-FBB1-3A03-2D7A-2BCF38362649</referredTableID>
<keyObject>C72F99DD-E7A4-D857-FD2E-49D1AAA65458</keyObject>
<referredKeyID>C72F99DD-E7A4-D857-FD2E-49D1AAA65458</referredKeyID>
<mandatory>true</mandatory>
<refColNames>idpoz</refColNames>
<transferable>true</transferable>
<rely>false</rely>
<columnDependencyConstraintGenerateInDDL>true</columnDependencyConstraintGenerateInDDL>
</FKIndexAssociation>