<?xml version = '1.0' encoding = 'UTF-8'?>
<FKIndexAssociation class="oracle.dbtools.crest.model.design.relational.FKIndexAssociation" directorySegmentName="seg_0" id="F381E765-8C1A-598B-4F89-5D4E1F07754C" containerWithKeyObject="779E5543-26BD-6955-9EEB-527F74B5195E" localFKIndex="9CEE96F6-7197-725B-B9B1-9E46EA24A7D4" name="Uloga_Predstava_FK">
<createdBy>Marija Kukic</createdBy>
<createdTime>2019-12-04 12:31:18 UTC</createdTime>
<generatorID>1875F70C-4837-E98E-AC9F-649272627474</generatorID>
<ownerDesignName>pozoriste</ownerDesignName>
<referredTableLongName>Predstava</referredTableLongName>
<deleteRule>NO ACTION</deleteRule>
<referredTableID>9D131D0E-0F6F-D437-EFA1-3033A351EE44</referredTableID>
<keyObject>5959D510-03A8-72EC-42A1-D5C4514BB512</keyObject>
<referredKeyID>5959D510-03A8-72EC-42A1-D5C4514BB512</referredKeyID>
<mandatory>true</mandatory>
<refColNames>idpred</refColNames>
<transferable>true</transferable>
<rely>false</rely>
<columnDependencyConstraintGenerateInDDL>true</columnDependencyConstraintGenerateInDDL>
</FKIndexAssociation>