<?xml version = '1.0' encoding = 'UTF-8'?>
<FKArc class="oracle.dbtools.crest.model.design.relational.FKArc" directorySegmentName="seg_0" id="8404F59A-5465-5CC7-D086-162E131CD95E" name="FKArc_1">
<createdBy>Marija Kukic</createdBy>
<createdTime>2019-12-04 12:29:18 UTC</createdTime>
<ownerDesignName>pozoriste</ownerDesignName>
<mandatory>false</mandatory>
<reverseArc>true</reverseArc>
<table>9423016B-B3F8-8243-03B1-388F0DF137E8</table>
<fkeys>
<fkeyID>8E9DED17-0FD4-C5FC-B961-8F9DA6D3EFE4</fkeyID>
<fkeyID>D2BE45C4-1D22-5312-49FD-3DB8FF75D85A</fkeyID>
</fkeys>
</FKArc>