<?xml version = '1.0' encoding = 'UTF-8'?>
<relationalModel class="oracle.dbtools.crest.model.design.relational.RelationalDesign" name="Relational_1" id="4AE7F39D-FBC2-F2E4-D6E5-7FCD62839140" mainViewID="1CE99B88-F7C2-D075-8F37-744BE6242DFB">
<createdBy>Marija Kukic</createdBy>
<createdTime>2019-12-04 12:31:08 UTC</createdTime>
<ownerDesignName>pozoriste</ownerDesignName>
<shouldBeOpen>false</shouldBeOpen>
<selectedRDBMSSite>32076570-2523-435C-2E92-BF29817DFF70</selectedRDBMSSite>
</relationalModel>