<?xml version = '1.0' encoding = 'UTF-8'?>
<Table class="oracle.dbtools.crest.model.design.relational.Table" directorySegmentName="seg_0" id="06080C90-7456-7A04-AD3F-6F44B7202836" name="Pozoriste">
<createdBy>Marija Kukic</createdBy>
<createdTime>2019-12-04 12:29:18 UTC</createdTime>
<generatorID>EA1695B5-AE0D-573A-5DE8-5D3EFC2DF592</generatorID>
<ownerDesignName>pozoriste</ownerDesignName>
<allowColumnReorder>false</allowColumnReorder>
<existDependencyGenerateInDDl>true</existDependencyGenerateInDDl>
<parsed>true</parsed>
<columns itemClass="oracle.dbtools.crest.model.design.relational.Column">
<Column name="idpoz" id="53BFB132-4512-9681-FC4B-B5618C21062D">
<createdBy>Marija Kukic</createdBy>
<createdTime>2019-12-04 12:29:18 UTC</createdTime>
<generatorID>4AD7254C-5BB3-8F5A-EDAB-89B97C2A6536</generatorID>
<ownerDesignName>pozoriste</ownerDesignName>
<useDomainConstraints>false</useDomainConstraints>
<use>1</use>
<logicalDatatype>LOGDT011</logicalDatatype>
<ownDataTypeParameters>,,</ownDataTypeParameters>
<autoIncrementCycle>false</autoIncrementCycle>
</Column>
<Column name="nazivpoz" id="5164C09C-BC34-3C57-C15D-9F97B564CB5F">
<createdBy>Marija Kukic</createdBy>
<createdTime>2019-12-04 12:29:18 UTC</createdTime>
<generatorID>F081453E-33C7-F409-067A-F4ED24483EE0</generatorID>
<ownerDesignName>pozoriste</ownerDesignName>
<useDomainConstraints>false</useDomainConstraints>
<use>1</use>
<logicalDatatype>LOGDT024</logicalDatatype>
<dataTypeSize>64 CHAR</dataTypeSize>
<ownDataTypeParameters>64 CHAR,,</ownDataTypeParameters>
<autoIncrementCycle>false</autoIncrementCycle>
</Column>
<Column name="adresapoz" id="703962B9-CFF0-B272-EA1B-AEBF14433128">
<createdBy>Marija Kukic</createdBy>
<createdTime>2019-12-04 12:29:18 UTC</createdTime>
<generatorID>1723F38B-9AE0-EF56-0E4F-FFE19FCA06A1</generatorID>
<ownerDesignName>pozoriste</ownerDesignName>
<useDomainConstraints>false</useDomainConstraints>
<use>1</use>
<logicalDatatype>LOGDT024</logicalDatatype>
<dataTypeSize>64 CHAR</dataTypeSize>
<ownDataTypeParameters>64 CHAR,,</ownDataTypeParameters>
<autoIncrementCycle>false</autoIncrementCycle>
</Column>
<Column name="sajt" id="CD843329-79AF-8FBE-D2E6-C5C40F22F96D">
<createdBy>Marija Kukic</createdBy>
<createdTime>2019-12-04 12:29:18 UTC</createdTime>
<generatorID>418E6DBE-1BB4-6BA7-31AD-119B2A040052</generatorID>
<ownerDesignName>pozoriste</ownerDesignName>
<nullsAllowed>true</nullsAllowed>
<useDomainConstraints>false</useDomainConstraints>
<use>1</use>
<logicalDatatype>LOGDT024</logicalDatatype>
<dataTypeSize>64 CHAR</dataTypeSize>
<ownDataTypeParameters>64 CHAR,,</ownDataTypeParameters>
<autoIncrementCycle>false</autoIncrementCycle>
</Column>
<Column name="Mesto_idm" id="4E44C972-FF6A-AC74-C6D9-88F73F1C7F35">
<createdBy>Marija Kukic</createdBy>
<createdTime>2019-12-04 12:29:18 UTC</createdTime>
<generatorID>F64F9782-E220-8908-EC11-8431FFD11A27</generatorID>
<ownerDesignName>pozoriste</ownerDesignName>
<useDomainConstraints>false</useDomainConstraints>
<use>1</use>
<logicalDatatype>LOGDT011</logicalDatatype>
<ownDataTypeParameters>,,</ownDataTypeParameters>
<previousColumn>false</previousColumn>
<autoIncrementCycle>false</autoIncrementCycle>
<associations>
<colAssociation fkAssociation="30B521F9-C5BD-2CFA-2AF5-9A305035355B" referredColumn="941428CE-8950-DB39-BA5D-54A86E0A5B8A"/>
</associations>
</Column>
</columns>
<indexes itemClass="oracle.dbtools.crest.model.design.relational.Index">
<ind_PK_UK id="FCB12E95-D0AD-60FE-CF68-37220D5A5AE1" name="Pozoriste_PK">
<createdBy>Marija Kukic</createdBy>
<createdTime>2019-12-04 12:29:18 UTC</createdTime>
<generatorID>41A17F08-7DE9-5D2B-BF8F-AEA6056E8C3F</generatorID>
<ownerDesignName>pozoriste</ownerDesignName>
<pk>true</pk>
<indexState>Primary Constraint</indexState>
<isSurrogateKey>false</isSurrogateKey>
<indexColumnUsage>
<colUsage columnID="53BFB132-4512-9681-FC4B-B5618C21062D"/>
</indexColumnUsage>
</ind_PK_UK>
<ind_PK_UK id="F70ED13D-D275-AB17-A116-05D7B2608094" name="Pozoriste_Mesto_FK">
<createdBy>Marija Kukic</createdBy>
<createdTime>2019-12-04 12:29:19 UTC</createdTime>
<generatorID>D742E29A-7701-1D6F-3534-EDDF87FA1CFA</generatorID>
<ownerDesignName>pozoriste</ownerDesignName>
<indexState>Foreign Key</indexState>
<isSurrogateKey>false</isSurrogateKey>
<indexColumnUsage>
<colUsage columnID="4E44C972-FF6A-AC74-C6D9-88F73F1C7F35"/>
</indexColumnUsage>
</ind_PK_UK>
</indexes>
</Table>