<?xml version = '1.0' encoding = 'UTF-8'?>
<Table class="oracle.dbtools.crest.model.design.relational.Table" directorySegmentName="seg_0" id="160854B6-0F33-45DC-B025-1CE6752DC462" name="Upravnik">
<createdBy>Marija Kukic</createdBy>
<createdTime>2019-12-04 12:29:18 UTC</createdTime>
<generatorID>28CE841A-E977-89E1-07D0-89E0AA81290C</generatorID>
<ownerDesignName>pozoriste</ownerDesignName>
<allowColumnReorder>false</allowColumnReorder>
<existDependencyGenerateInDDl>true</existDependencyGenerateInDDl>
<parsed>true</parsed>
<columns itemClass="oracle.dbtools.crest.model.design.relational.Column">
<Column name="mbr" id="0467F7BC-C144-1FFA-8F87-FDB80F046908">
<createdBy>Marija Kukic</createdBy>
<createdTime>2019-12-04 12:29:18 UTC</createdTime>
<generatorID>B3CEE31D-9996-E936-ACBA-F52F9C4A5599</generatorID>
<ownerDesignName>pozoriste</ownerDesignName>
<useDomainConstraints>false</useDomainConstraints>
<use>1</use>
<logicalDatatype>LOGDT011</logicalDatatype>
<ownDataTypeParameters>,,</ownDataTypeParameters>
<autoIncrementCycle>false</autoIncrementCycle>
<associations>
<colAssociation fkAssociation="D2BE45C4-1D22-5312-49FD-3DB8FF75D85A" referredColumn="3B19148A-A9A3-1E7B-60C5-59726B44449E"/>
</associations>
</Column>
<Column name="nss" id="4698E7F1-748A-A72F-3BFE-10611663D5DF">
<createdBy>Marija Kukic</createdBy>
<createdTime>2019-12-04 12:29:18 UTC</createdTime>
<generatorID>C40DB92F-BCF0-62BA-AB8B-A507496C205A</generatorID>
<ownerDesignName>pozoriste</ownerDesignName>
<useDomainConstraints>false</useDomainConstraints>
<use>1</use>
<logicalDatatype>LOGDT011</logicalDatatype>
<ownDataTypeParameters>,,</ownDataTypeParameters>
<autoIncrementCycle>false</autoIncrementCycle>
</Column>
</columns>
<indexes itemClass="oracle.dbtools.crest.model.design.relational.Index">
<ind_PK_UK id="23DA130F-CF6A-4DF8-0F5D-3E849D058053" name="Upravnik_PK">
<createdBy>Marija Kukic</createdBy>
<createdTime>2019-12-04 12:29:18 UTC</createdTime>
<generatorID>4560AFEA-D4AA-B1C5-D292-3E649D002971</generatorID>
<ownerDesignName>pozoriste</ownerDesignName>
<pk>true</pk>
<indexState>Primary Constraint</indexState>
<isSurrogateKey>false</isSurrogateKey>
<indexColumnUsage>
<colUsage columnID="0467F7BC-C144-1FFA-8F87-FDB80F046908"/>
</indexColumnUsage>
</ind_PK_UK>
<ind_PK_UK id="53304540-3A19-9194-D60D-FE128AF1403C" name="Upravnik_Radnik_FK">
<createdBy>Marija Kukic</createdBy>
<createdTime>2019-12-04 12:29:18 UTC</createdTime>
<generatorID>D032F22B-C47C-6693-3BF4-02384FF04EA1</generatorID>
<ownerDesignName>pozoriste</ownerDesignName>
<indexState>Foreign Key</indexState>
<isSurrogateKey>false</isSurrogateKey>
<indexColumnUsage>
<colUsage columnID="0467F7BC-C144-1FFA-8F87-FDB80F046908"/>
</indexColumnUsage>
</ind_PK_UK>
</indexes>
</Table>