<?xml version = '1.0' encoding = 'UTF-8'?>
<Table class="oracle.dbtools.crest.model.design.relational.Table" directorySegmentName="seg_0" id="19103452-B621-57D9-BB28-D7AC64A1A7B8" name="Tehnicar">
<createdBy>Marija Kukic</createdBy>
<createdTime>2019-12-04 12:29:18 UTC</createdTime>
<generatorID>92997BD7-9577-B4D6-2A82-67395F7D28DF</generatorID>
<ownerDesignName>pozoriste</ownerDesignName>
<allowColumnReorder>false</allowColumnReorder>
<existDependencyGenerateInDDl>true</existDependencyGenerateInDDl>
<parsed>true</parsed>
<columns itemClass="oracle.dbtools.crest.model.design.relational.Column">
<Column name="mbr" id="803ED0F0-26D3-8945-E3D3-A226101DE5B7">
<createdBy>Marija Kukic</createdBy>
<createdTime>2019-12-04 12:29:18 UTC</createdTime>
<generatorID>B3CEE31D-9996-E936-ACBA-F52F9C4A5599</generatorID>
<ownerDesignName>pozoriste</ownerDesignName>
<useDomainConstraints>false</useDomainConstraints>
<use>1</use>
<logicalDatatype>LOGDT011</logicalDatatype>
<ownDataTypeParameters>,,</ownDataTypeParameters>
<autoIncrementCycle>false</autoIncrementCycle>
<associations>
<colAssociation fkAssociation="8E9DED17-0FD4-C5FC-B961-8F9DA6D3EFE4" referredColumn="3B19148A-A9A3-1E7B-60C5-59726B44449E"/>
</associations>
</Column>
<Column name="tipap" id="C430D8AA-54C7-374C-353C-C24096846D0D">
<createdBy>Marija Kukic</createdBy>
<createdTime>2019-12-04 12:29:18 UTC</createdTime>
<generatorID>34FAF0A5-672C-5ECC-706A-49E34433EB01</generatorID>
<ownerDesignName>pozoriste</ownerDesignName>
<useDomainConstraints>false</useDomainConstraints>
<use>1</use>
<logicalDatatype>LOGDT024</logicalDatatype>
<dataTypeSize>32 CHAR</dataTypeSize>
<ownDataTypeParameters>32 CHAR,,</ownDataTypeParameters>
<autoIncrementCycle>false</autoIncrementCycle>
</Column>
</columns>
<indexes itemClass="oracle.dbtools.crest.model.design.relational.Index">
<ind_PK_UK id="112CB0EB-0791-D71A-1552-20020F259394" name="Tehnicar_PK">
<createdBy>Marija Kukic</createdBy>
<createdTime>2019-12-04 12:29:18 UTC</createdTime>
<generatorID>4560AFEA-D4AA-B1C5-D292-3E649D002971</generatorID>
<ownerDesignName>pozoriste</ownerDesignName>
<pk>true</pk>
<indexState>Primary Constraint</indexState>
<isSurrogateKey>false</isSurrogateKey>
<indexColumnUsage>
<colUsage columnID="803ED0F0-26D3-8945-E3D3-A226101DE5B7"/>
</indexColumnUsage>
</ind_PK_UK>
<ind_PK_UK id="7B783208-2D64-7C86-77AC-869F143F668B" name="Tehnicar_Radnik_FK">
<createdBy>Marija Kukic</createdBy>
<createdTime>2019-12-04 12:29:18 UTC</createdTime>
<generatorID>57C063A6-2226-78E7-F960-9438018FA64D</generatorID>
<ownerDesignName>pozoriste</ownerDesignName>
<indexState>Foreign Key</indexState>
<isSurrogateKey>false</isSurrogateKey>
<indexColumnUsage>
<colUsage columnID="803ED0F0-26D3-8945-E3D3-A226101DE5B7"/>
</indexColumnUsage>
</ind_PK_UK>
</indexes>
</Table>