<?xml version = '1.0' encoding = 'UTF-8'?>
<Table class="oracle.dbtools.crest.model.design.relational.Table" directorySegmentName="seg_0" id="2A101BEA-4C94-2C67-D010-046DAEB51D96" name="Sektor">
<createdBy>Marija Kukic</createdBy>
<createdTime>2019-12-04 12:29:18 UTC</createdTime>
<generatorID>BACEF01B-D4D1-9381-6BD6-A7BC696EA857</generatorID>
<ownerDesignName>pozoriste</ownerDesignName>
<allowColumnReorder>false</allowColumnReorder>
<existDependencyGenerateInDDl>true</existDependencyGenerateInDDl>
<parsed>true</parsed>
<columns itemClass="oracle.dbtools.crest.model.design.relational.Column">
<Column name="idsek" id="38F768D9-5A20-116A-39B3-7C88DF3FEE5F">
<createdBy>Marija Kukic</createdBy>
<createdTime>2019-12-04 12:29:18 UTC</createdTime>
<generatorID>29120945-56D9-CF6A-EC72-38187551DA37</generatorID>
<ownerDesignName>pozoriste</ownerDesignName>
<useDomainConstraints>false</useDomainConstraints>
<use>1</use>
<logicalDatatype>LOGDT011</logicalDatatype>
<ownDataTypeParameters>,,</ownDataTypeParameters>
<autoIncrementCycle>false</autoIncrementCycle>
</Column>
<Column name="nazivsek" id="C6609605-97F9-57D7-7A0E-B0D671A215CB">
<createdBy>Marija Kukic</createdBy>
<createdTime>2019-12-04 12:29:18 UTC</createdTime>
<generatorID>AF38550B-92A1-4339-638A-FEB266939127</generatorID>
<ownerDesignName>pozoriste</ownerDesignName>
<useDomainConstraints>false</useDomainConstraints>
<use>1</use>
<logicalDatatype>LOGDT024</logicalDatatype>
<dataTypeSize>32 CHAR</dataTypeSize>
<ownDataTypeParameters>32 CHAR,,</ownDataTypeParameters>
<autoIncrementCycle>false</autoIncrementCycle>
</Column>
<Column name="Pozoriste_idpoz" id="C3325BD1-DFB0-D3AF-7889-C190EB5490C6">
<createdBy>Marija Kukic</createdBy>
<createdTime>2019-12-04 12:29:18 UTC</createdTime>
<generatorID>444EFA17-74CA-9613-09AA-FA917FFF4A5E</generatorID>
<ownerDesignName>pozoriste</ownerDesignName>
<useDomainConstraints>false</useDomainConstraints>
<use>1</use>
<logicalDatatype>LOGDT011</logicalDatatype>
<ownDataTypeParameters>,,</ownDataTypeParameters>
<previousColumn>false</previousColumn>
<autoIncrementCycle>false</autoIncrementCycle>
<associations>
<colAssociation fkAssociation="369F7386-9017-C431-AF0B-510835B9BE1E" referredColumn="53BFB132-4512-9681-FC4B-B5618C21062D"/>
</associations>
</Column>
</columns>
<indexes itemClass="oracle.dbtools.crest.model.design.relational.Index">
<ind_PK_UK id="C92E9F29-21B2-C4B2-D1C9-E5886F6F4C0D" name="Sektor_PK">
<createdBy>Marija Kukic</createdBy>
<createdTime>2019-12-04 12:29:18 UTC</createdTime>
<generatorID>1DE88A75-737D-F07B-5DD5-12163C5C45E0</generatorID>
<ownerDesignName>pozoriste</ownerDesignName>
<pk>true</pk>
<indexState>Primary Constraint</indexState>
<isSurrogateKey>false</isSurrogateKey>
<indexColumnUsage>
<colUsage columnID="38F768D9-5A20-116A-39B3-7C88DF3FEE5F"/>
</indexColumnUsage>
</ind_PK_UK>
<ind_PK_UK id="44983C7E-8F01-D324-72CE-C059DB4105B7" name="Sektor_Pozoriste_FK">
<createdBy>Marija Kukic</createdBy>
<createdTime>2019-12-04 12:29:18 UTC</createdTime>
<generatorID>903A9646-B9D8-68C5-1B87-9E9E2BF5AF84</generatorID>
<ownerDesignName>pozoriste</ownerDesignName>
<indexState>Foreign Key</indexState>
<isSurrogateKey>false</isSurrogateKey>
<indexColumnUsage>
<colUsage columnID="C3325BD1-DFB0-D3AF-7889-C190EB5490C6"/>
</indexColumnUsage>
</ind_PK_UK>
</indexes>
</Table>