<?xml version = '1.0' encoding = 'UTF-8'?>
<Table class="oracle.dbtools.crest.model.design.relational.Table" directorySegmentName="seg_0" id="3651E781-B477-3015-514F-6B071C2EE25D" name="Uloga">
<createdBy>Marija Kukic</createdBy>
<createdTime>2019-12-04 12:29:18 UTC</createdTime>
<generatorID>CDDB3108-66F1-8825-93F4-B0D2666B5473</generatorID>
<ownerDesignName>pozoriste</ownerDesignName>
<allowColumnReorder>false</allowColumnReorder>
<existDependencyGenerateInDDl>true</existDependencyGenerateInDDl>
<parsed>true</parsed>
<columns itemClass="oracle.dbtools.crest.model.design.relational.Column">
<Column name="idul" id="36E6AB66-9B86-F652-DFCF-FB07C15CC9CA">
<createdBy>Marija Kukic</createdBy>
<createdTime>2019-12-04 12:29:18 UTC</createdTime>
<generatorID>46A6E0D5-7144-55A4-B855-C4F6242E9277</generatorID>
<ownerDesignName>pozoriste</ownerDesignName>
<useDomainConstraints>false</useDomainConstraints>
<use>1</use>
<logicalDatatype>LOGDT011</logicalDatatype>
<ownDataTypeParameters>,,</ownDataTypeParameters>
<autoIncrementCycle>false</autoIncrementCycle>
</Column>
<Column name="imeulo" id="8BE03875-B3F5-5F20-E7E9-75AFABFC6876">
<createdBy>Marija Kukic</createdBy>
<createdTime>2019-12-04 12:29:18 UTC</createdTime>
<generatorID>0EC9ABF5-A0DC-C68B-32C2-567DE05D940E</generatorID>
<ownerDesignName>pozoriste</ownerDesignName>
<useDomainConstraints>false</useDomainConstraints>
<use>1</use>
<logicalDatatype>LOGDT024</logicalDatatype>
<dataTypeSize>64 CHAR</dataTypeSize>
<ownDataTypeParameters>64 CHAR,,</ownDataTypeParameters>
<autoIncrementCycle>false</autoIncrementCycle>
</Column>
<Column name="pol" id="B5C4234F-8EF9-60D1-A348-3CA785CE9D6A">
<createdBy>Marija Kukic</createdBy>
<createdTime>2019-12-04 12:29:18 UTC</createdTime>
<generatorID>40643E6A-33B3-5B77-C30B-617C2EE0DBC1</generatorID>
<ownerDesignName>pozoriste</ownerDesignName>
<useDomainConstraints>false</useDomainConstraints>
<use>1</use>
<ownDataTypeParameters>,,</ownDataTypeParameters>
<autoIncrementCycle>false</autoIncrementCycle>
</Column>
<Column name="vrstaulo" id="12FCEF1B-7E02-C9E4-D3C4-3840373AD2FA">
<createdBy>Marija Kukic</createdBy>
<createdTime>2019-12-04 12:29:18 UTC</createdTime>
<generatorID>294B8862-9E28-1C5A-3D28-DF98AD9C6CD7</generatorID>
<ownerDesignName>pozoriste</ownerDesignName>
<useDomainConstraints>false</useDomainConstraints>
<use>1</use>
<logicalDatatype>LOGDT024</logicalDatatype>
<dataTypeSize>32 CHAR</dataTypeSize>
<ownDataTypeParameters>32 CHAR,,</ownDataTypeParameters>
<autoIncrementCycle>false</autoIncrementCycle>
</Column>
<Column name="Predstava_idpred" id="2639A654-02BB-CB12-5AC0-C856D4B1AF40">
<createdBy>Marija Kukic</createdBy>
<createdTime>2019-12-04 12:29:18 UTC</createdTime>
<generatorID>764F9225-7F91-64E0-1E7B-872F1B41AAD5</generatorID>
<ownerDesignName>pozoriste</ownerDesignName>
<useDomainConstraints>false</useDomainConstraints>
<use>1</use>
<logicalDatatype>LOGDT011</logicalDatatype>
<ownDataTypeParameters>,,</ownDataTypeParameters>
<previousColumn>false</previousColumn>
<autoIncrementCycle>false</autoIncrementCycle>
<associations>
<colAssociation fkAssociation="5765E8AA-7285-9A84-28B4-6F91C75FB14C" referredColumn="2C68CF9C-FC55-FB24-FB37-D939E062E7E1"/>
</associations>
</Column>
</columns>
<indexes itemClass="oracle.dbtools.crest.model.design.relational.Index">
<ind_PK_UK id="77124850-9CCF-4B01-C14E-AAD50F812878" name="Uloga_PK">
<createdBy>Marija Kukic</createdBy>
<createdTime>2019-12-04 12:29:18 UTC</createdTime>
<generatorID>177CC7BF-2FF6-7C7D-927E-27F097F6464D</generatorID>
<ownerDesignName>pozoriste</ownerDesignName>
<pk>true</pk>
<indexState>Primary Constraint</indexState>
<isSurrogateKey>false</isSurrogateKey>
<indexColumnUsage>
<colUsage columnID="36E6AB66-9B86-F652-DFCF-FB07C15CC9CA"/>
</indexColumnUsage>
</ind_PK_UK>
<ind_PK_UK id="5EAC0884-3538-31B0-6895-B13D2DA9E7D5" name="Uloga_Predstava_FK">
<createdBy>Marija Kukic</createdBy>
<createdTime>2019-12-04 12:29:18 UTC</createdTime>
<generatorID>1875F70C-4837-E98E-AC9F-649272627474</generatorID>
<ownerDesignName>pozoriste</ownerDesignName>
<indexState>Foreign Key</indexState>
<isSurrogateKey>false</isSurrogateKey>
<indexColumnUsage>
<colUsage columnID="2639A654-02BB-CB12-5AC0-C856D4B1AF40"/>
</indexColumnUsage>
</ind_PK_UK>
</indexes>
</Table>