<?xml version = '1.0' encoding = 'UTF-8'?>
<Table class="oracle.dbtools.crest.model.design.relational.Table" directorySegmentName="seg_0" id="87F218E9-6CEC-8B3F-6661-A2A1097CF0F4" name="Scena">
<createdBy>Marija Kukic</createdBy>
<createdTime>2019-12-04 12:29:18 UTC</createdTime>
<generatorID>9B5CA18C-7599-0534-C0E7-EB8606A8BFFC</generatorID>
<ownerDesignName>pozoriste</ownerDesignName>
<allowColumnReorder>false</allowColumnReorder>
<existDependencyGenerateInDDl>true</existDependencyGenerateInDDl>
<parsed>true</parsed>
<columns itemClass="oracle.dbtools.crest.model.design.relational.Column">
<Column name="idsce" id="84682E4A-D843-B20C-6E64-A7AD7F25EBDA">
<createdBy>Marija Kukic</createdBy>
<createdTime>2019-12-04 12:29:18 UTC</createdTime>
<generatorID>E11BC6D1-2C46-5A41-3942-506431D7494A</generatorID>
<ownerDesignName>pozoriste</ownerDesignName>
<useDomainConstraints>false</useDomainConstraints>
<use>1</use>
<logicalDatatype>LOGDT011</logicalDatatype>
<ownDataTypeParameters>,,</ownDataTypeParameters>
<autoIncrementCycle>false</autoIncrementCycle>
</Column>
<Column name="nazivsce" id="9ED65218-889D-9708-D863-9AE682736702">
<createdBy>Marija Kukic</createdBy>
<createdTime>2019-12-04 12:29:18 UTC</createdTime>
<generatorID>CF7D45A8-E8C8-EECE-8C59-394DF1BF9411</generatorID>
<ownerDesignName>pozoriste</ownerDesignName>
<useDomainConstraints>false</useDomainConstraints>
<use>1</use>
<logicalDatatype>LOGDT024</logicalDatatype>
<dataTypeSize>32 CHAR</dataTypeSize>
<ownDataTypeParameters>32 CHAR,,</ownDataTypeParameters>
<autoIncrementCycle>false</autoIncrementCycle>
</Column>
<Column name="brojsed" id="E8EE919A-207C-6E74-3430-88F51E40627E">
<createdBy>Marija Kukic</createdBy>
<createdTime>2019-12-04 12:29:18 UTC</createdTime>
<generatorID>5209B4BD-50B7-A37D-EDD0-C7D26DA9DDC2</generatorID>
<ownerDesignName>pozoriste</ownerDesignName>
<useDomainConstraints>false</useDomainConstraints>
<use>1</use>
<logicalDatatype>LOGDT011</logicalDatatype>
<ownDataTypeParameters>,,</ownDataTypeParameters>
<autoIncrementCycle>false</autoIncrementCycle>
</Column>
<Column name="Pozoriste_idpoz" id="7C8EA57A-40B4-37B8-C5EE-99D36378E998">
<createdBy>Marija Kukic</createdBy>
<createdTime>2019-12-04 12:29:18 UTC</createdTime>
<generatorID>32AC2C34-B584-6A2C-BAE1-A9EA2671204B</generatorID>
<ownerDesignName>pozoriste</ownerDesignName>
<useDomainConstraints>false</useDomainConstraints>
<use>1</use>
<logicalDatatype>LOGDT011</logicalDatatype>
<ownDataTypeParameters>,,</ownDataTypeParameters>
<previousColumn>false</previousColumn>
<autoIncrementCycle>false</autoIncrementCycle>
<associations>
<colAssociation fkAssociation="D9C2BE1A-6E39-9ECB-6A36-C3CC7704F569" referredColumn="53BFB132-4512-9681-FC4B-B5618C21062D"/>
</associations>
</Column>
</columns>
<indexes itemClass="oracle.dbtools.crest.model.design.relational.Index">
<ind_PK_UK id="24300224-D9B9-6646-0ABE-9AE2AA4DACC0" name="Scena_PK">
<createdBy>Marija Kukic</createdBy>
<createdTime>2019-12-04 12:29:18 UTC</createdTime>
<generatorID>1A2EF8DD-CD5D-6722-E66A-AFD8B7D6C50F</generatorID>
<ownerDesignName>pozoriste</ownerDesignName>
<pk>true</pk>
<indexState>Primary Constraint</indexState>
<isSurrogateKey>false</isSurrogateKey>
<indexColumnUsage>
<colUsage columnID="84682E4A-D843-B20C-6E64-A7AD7F25EBDA"/>
</indexColumnUsage>
</ind_PK_UK>
<ind_PK_UK id="7310F562-C3F5-7AC8-BEF5-CC9AD206E0CF" name="Scena_Pozoriste_FK">
<createdBy>Marija Kukic</createdBy>
<createdTime>2019-12-04 12:29:18 UTC</createdTime>
<generatorID>DA383414-694E-4786-8A49-3B1E7F279061</generatorID>
<ownerDesignName>pozoriste</ownerDesignName>
<indexState>Foreign Key</indexState>
<isSurrogateKey>false</isSurrogateKey>
<indexColumnUsage>
<colUsage columnID="7C8EA57A-40B4-37B8-C5EE-99D36378E998"/>
</indexColumnUsage>
</ind_PK_UK>
</indexes>
</Table>