<?xml version = '1.0' encoding = 'UTF-8'?>
<Table class="oracle.dbtools.crest.model.design.relational.Table" directorySegmentName="seg_0" id="8B47A935-1965-4A5A-F5AD-06873E08EB7B" name="Podela">
<createdBy>Marija Kukic</createdBy>
<createdTime>2019-12-04 12:29:18 UTC</createdTime>
<generatorID>DF4EE594-A798-E238-24D6-80F428F6C547</generatorID>
<ownerDesignName>pozoriste</ownerDesignName>
<allowColumnReorder>false</allowColumnReorder>
<existDependencyGenerateInDDl>true</existDependencyGenerateInDDl>
<parsed>true</parsed>
<columns itemClass="oracle.dbtools.crest.model.design.relational.Column">
<Column name="honorar" id="B6AAC448-4E53-479F-85BA-12AFF0135019">
<createdBy>Marija Kukic</createdBy>
<createdTime>2019-12-04 12:29:18 UTC</createdTime>
<generatorID>FE8CD1D9-97ED-9706-28EB-918C253987F3</generatorID>
<ownerDesignName>pozoriste</ownerDesignName>
<useDomainConstraints>false</useDomainConstraints>
<use>1</use>
<logicalDatatype>LOGDT026</logicalDatatype>
<dataTypePrecision>10</dataTypePrecision>
<dataTypeScale>2</dataTypeScale>
<ownDataTypeParameters>,10,2</ownDataTypeParameters>
<autoIncrementCycle>false</autoIncrementCycle>
</Column>
<Column name="datumd" id="715C951B-0B8D-0EC6-78C1-6F1DC8943A20">
<createdBy>Marija Kukic</createdBy>
<createdTime>2019-12-04 12:29:18 UTC</createdTime>
<generatorID>807DA3D9-245D-C304-CDF0-26EDE18019CE</generatorID>
<ownerDesignName>pozoriste</ownerDesignName>
<useDomainConstraints>false</useDomainConstraints>
<use>1</use>
<logicalDatatype>LOGDT007</logicalDatatype>
<ownDataTypeParameters>,,</ownDataTypeParameters>
<autoIncrementCycle>false</autoIncrementCycle>
</Column>
<Column name="datump" id="924AAD47-ED02-D0BC-6931-C2217C84F9ED">
<createdBy>Marija Kukic</createdBy>
<createdTime>2019-12-04 12:29:18 UTC</createdTime>
<generatorID>CF4C779E-863F-A606-13B5-5BADBA4E77B4</generatorID>
<ownerDesignName>pozoriste</ownerDesignName>
<useDomainConstraints>false</useDomainConstraints>
<use>1</use>
<logicalDatatype>LOGDT007</logicalDatatype>
<ownDataTypeParameters>,,</ownDataTypeParameters>
<autoIncrementCycle>false</autoIncrementCycle>
</Column>
<Column name="Glumac_mbg" id="92B3A9F0-CDE3-70FC-3A25-52CF7DF7652E">
<createdBy>Marija Kukic</createdBy>
<createdTime>2019-12-04 12:29:18 UTC</createdTime>
<generatorID>DEBAC112-7D94-0421-DAFD-9BF6F69096DD</generatorID>
<ownerDesignName>pozoriste</ownerDesignName>
<useDomainConstraints>false</useDomainConstraints>
<use>1</use>
<logicalDatatype>LOGDT011</logicalDatatype>
<ownDataTypeParameters>,,</ownDataTypeParameters>
<previousColumn>false</previousColumn>
<autoIncrementCycle>false</autoIncrementCycle>
<associations>
<colAssociation fkAssociation="CAD3C899-1A35-1770-073E-BF5ACB7D50F1" referredColumn="EC6A3A70-80E2-61B2-FCDE-720E75BAF8D3"/>
</associations>
</Column>
<Column name="Uloga_idul" id="526DBD37-514B-764A-3FA8-FC4B8F339333">
<createdBy>Marija Kukic</createdBy>
<createdTime>2019-12-04 12:29:18 UTC</createdTime>
<generatorID>C30268B0-A608-2287-E78F-C8C6C3E2C526</generatorID>
<ownerDesignName>pozoriste</ownerDesignName>
<useDomainConstraints>false</useDomainConstraints>
<use>1</use>
<logicalDatatype>LOGDT011</logicalDatatype>
<ownDataTypeParameters>,,</ownDataTypeParameters>
<previousColumn>false</previousColumn>
<autoIncrementCycle>false</autoIncrementCycle>
<associations>
<colAssociation fkAssociation="F5660DD0-9450-0FE1-0463-B0A2901C7EB3" referredColumn="36E6AB66-9B86-F652-DFCF-FB07C15CC9CA"/>
</associations>
</Column>
</columns>
<indexes itemClass="oracle.dbtools.crest.model.design.relational.Index">
<ind_PK_UK id="42C55B7C-3169-FDE7-465E-52F9DBBC24FD" name="Podela_PK">
<createdBy>Marija Kukic</createdBy>
<createdTime>2019-12-04 12:29:18 UTC</createdTime>
<generatorID>DFE20EBD-FF99-4083-C8F9-06AEA32DCE75</generatorID>
<ownerDesignName>pozoriste</ownerDesignName>
<pk>true</pk>
<indexState>Primary Constraint</indexState>
<isSurrogateKey>false</isSurrogateKey>
<indexColumnUsage>
<colUsage columnID="92B3A9F0-CDE3-70FC-3A25-52CF7DF7652E"/>
<colUsage columnID="526DBD37-514B-764A-3FA8-FC4B8F339333"/>
</indexColumnUsage>
</ind_PK_UK>
<ind_PK_UK id="DE4EEFB0-C56D-C876-F010-53166B10BBF0" name="Podela_Glumac_FK">
<createdBy>Marija Kukic</createdBy>
<createdTime>2019-12-04 12:29:18 UTC</createdTime>
<generatorID>C270537C-89F8-94B0-EC00-56282B8DB163</generatorID>
<ownerDesignName>pozoriste</ownerDesignName>
<indexState>Foreign Key</indexState>
<isSurrogateKey>false</isSurrogateKey>
<indexColumnUsage>
<colUsage columnID="92B3A9F0-CDE3-70FC-3A25-52CF7DF7652E"/>
</indexColumnUsage>
</ind_PK_UK>
<ind_PK_UK id="164E60AA-1137-2EE4-B31D-B1B251E1FD3B" name="Podela_Uloga_FK">
<createdBy>Marija Kukic</createdBy>
<createdTime>2019-12-04 12:29:19 UTC</createdTime>
<generatorID>1165DE95-7BA6-2358-E975-B2D0E9B5BC10</generatorID>
<ownerDesignName>pozoriste</ownerDesignName>
<indexState>Foreign Key</indexState>
<isSurrogateKey>false</isSurrogateKey>
<indexColumnUsage>
<colUsage columnID="526DBD37-514B-764A-3FA8-FC4B8F339333"/>
</indexColumnUsage>
</ind_PK_UK>
</indexes>
</Table>