<?xml version = '1.0' encoding = 'UTF-8'?>
<Table class="oracle.dbtools.crest.model.design.relational.Table" directorySegmentName="seg_0" id="F6840ED7-6F44-E9D0-0830-61A6FE6DB729" name="Prikazivanje">
<createdBy>Marija Kukic</createdBy>
<createdTime>2019-12-04 12:29:18 UTC</createdTime>
<generatorID>A50814D6-6536-A662-F5FC-7E11500B552E</generatorID>
<ownerDesignName>pozoriste</ownerDesignName>
<allowColumnReorder>false</allowColumnReorder>
<existDependencyGenerateInDDl>true</existDependencyGenerateInDDl>
<parsed>true</parsed>
<columns itemClass="oracle.dbtools.crest.model.design.relational.Column">
<Column name="rbr" id="725D35A4-CE48-2820-A638-D93A9ACF56AC">
<createdBy>Marija Kukic</createdBy>
<createdTime>2019-12-04 12:29:18 UTC</createdTime>
<generatorID>9F95B782-F5FE-12A4-12E2-DA41EB339517</generatorID>
<ownerDesignName>pozoriste</ownerDesignName>
<useDomainConstraints>false</useDomainConstraints>
<use>1</use>
<logicalDatatype>LOGDT011</logicalDatatype>
<ownDataTypeParameters>,,</ownDataTypeParameters>
<autoIncrementCycle>false</autoIncrementCycle>
</Column>
<Column name="datumpri" id="D6DFF718-7784-56D9-C0CD-9FE7BBFAD8F7">
<createdBy>Marija Kukic</createdBy>
<createdTime>2019-12-04 12:29:18 UTC</createdTime>
<generatorID>70F63F65-0403-55E7-9C1D-87AFAF8DFDD8</generatorID>
<ownerDesignName>pozoriste</ownerDesignName>
<useDomainConstraints>false</useDomainConstraints>
<use>1</use>
<logicalDatatype>LOGDT007</logicalDatatype>
<ownDataTypeParameters>,,</ownDataTypeParameters>
<autoIncrementCycle>false</autoIncrementCycle>
</Column>
<Column name="vremepri" id="03D8ADE0-8B51-F222-0421-15D26287EDFE">
<createdBy>Marija Kukic</createdBy>
<createdTime>2019-12-04 12:29:18 UTC</createdTime>
<generatorID>CF70C33C-D723-CEA4-54C0-687BC6A989EE</generatorID>
<ownerDesignName>pozoriste</ownerDesignName>
<useDomainConstraints>false</useDomainConstraints>
<use>1</use>
<logicalDatatype>LOGDT014</logicalDatatype>
<ownDataTypeParameters>,,</ownDataTypeParameters>
<autoIncrementCycle>false</autoIncrementCycle>
</Column>
<Column name="brojgled" id="D4CF91D2-6C03-718A-D5DD-88B544773ADF">
<createdBy>Marija Kukic</createdBy>
<createdTime>2019-12-04 12:29:18 UTC</createdTime>
<generatorID>74DCEBC9-DAA8-29F6-5E8F-0C0597DD929E</generatorID>
<ownerDesignName>pozoriste</ownerDesignName>
<useDomainConstraints>false</useDomainConstraints>
<use>1</use>
<logicalDatatype>LOGDT011</logicalDatatype>
<ownDataTypeParameters>,,</ownDataTypeParameters>
<autoIncrementCycle>false</autoIncrementCycle>
</Column>
<Column name="Predstava_idpred" id="CD125FD4-F78B-E7A9-CB77-1F4D9D504603">
<createdBy>Marija Kukic</createdBy>
<createdTime>2019-12-04 12:29:18 UTC</createdTime>
<generatorID>942B1CEF-E259-E172-EE11-BEFD2FC1EA5B</generatorID>
<ownerDesignName>pozoriste</ownerDesignName>
<useDomainConstraints>false</useDomainConstraints>
<use>1</use>
<logicalDatatype>LOGDT011</logicalDatatype>
<ownDataTypeParameters>,,</ownDataTypeParameters>
<previousColumn>false</previousColumn>
<autoIncrementCycle>false</autoIncrementCycle>
<associations>
<colAssociation fkAssociation="00D9D3F5-10D1-F267-0190-F86D725DB286" referredColumn="2C68CF9C-FC55-FB24-FB37-D939E062E7E1"/>
</associations>
</Column>
<Column name="Scena_idsce" id="BACE63C3-1C26-B92B-4D7B-F0515370E5CA">
<createdBy>Marija Kukic</createdBy>
<createdTime>2019-12-04 12:29:18 UTC</createdTime>
<generatorID>1BE9CC60-0569-57D5-F1B1-A81E56468682</generatorID>
<ownerDesignName>pozoriste</ownerDesignName>
<useDomainConstraints>false</useDomainConstraints>
<use>1</use>
<logicalDatatype>LOGDT011</logicalDatatype>
<ownDataTypeParameters>,,</ownDataTypeParameters>
<previousColumn>false</previousColumn>
<autoIncrementCycle>false</autoIncrementCycle>
<associations>
<colAssociation fkAssociation="0852DDC6-FE29-BE18-41F2-53FEF34DF75C" referredColumn="84682E4A-D843-B20C-6E64-A7AD7F25EBDA"/>
</associations>
</Column>
</columns>
<indexes itemClass="oracle.dbtools.crest.model.design.relational.Index">
<ind_PK_UK id="87CF9036-7F41-E917-8B6A-B2876D365491" name="Prikazivanje_PK">
<createdBy>Marija Kukic</createdBy>
<createdTime>2019-12-04 12:29:18 UTC</createdTime>
<generatorID>E2CE6C97-050C-AA6C-F15B-0D1CD4FBFAEF</generatorID>
<ownerDesignName>pozoriste</ownerDesignName>
<pk>true</pk>
<indexState>Primary Constraint</indexState>
<isSurrogateKey>false</isSurrogateKey>
<indexColumnUsage>
<colUsage columnID="725D35A4-CE48-2820-A638-D93A9ACF56AC"/>
</indexColumnUsage>
</ind_PK_UK>
<ind_PK_UK id="AAF33E81-FC88-9770-B9EE-4DCC4F05B152" name="Prikazivanje_Predstava_FK">
<createdBy>Marija Kukic</createdBy>
<createdTime>2019-12-04 12:29:18 UTC</createdTime>
<generatorID>53D0A686-9E7F-2C79-552D-161E95928818</generatorID>
<ownerDesignName>pozoriste</ownerDesignName>
<indexState>Foreign Key</indexState>
<isSurrogateKey>false</isSurrogateKey>
<indexColumnUsage>
<colUsage columnID="CD125FD4-F78B-E7A9-CB77-1F4D9D504603"/>
</indexColumnUsage>
</ind_PK_UK>
<ind_PK_UK id="798C7CEC-8EB1-E651-717F-F6D1430C4793" name="Prikazivanje_Scena_FK">
<createdBy>Marija Kukic</createdBy>
<createdTime>2019-12-04 12:29:19 UTC</createdTime>
<generatorID>AE07DBED-C9D5-3E00-2D50-7F4D67C0B76C</generatorID>
<ownerDesignName>pozoriste</ownerDesignName>
<indexState>Foreign Key</indexState>
<isSurrogateKey>false</isSurrogateKey>
<indexColumnUsage>
<colUsage columnID="BACE63C3-1C26-B92B-4D7B-F0515370E5CA"/>
</indexColumnUsage>
</ind_PK_UK>
</indexes>
</Table>