<?xml version = '1.0' encoding = 'UTF-8'?>
<Diagram class="oracle.dbtools.crest.swingui.relational.DPVRelational" name="Relational_1" id="1CE99B88-F7C2-D075-8F37-744BE6242DFB">
<createdBy>Marija Kukic</createdBy>
<modifiedBy>Marija Kukic</modifiedBy>
<createdTime>2019-12-04 12:31:08 UTC</createdTime>
<autoRoute>false</autoRoute>
<boxInbox>true</boxInbox>
<showLegend>false</showLegend>
<showLabels>false</showLabels>
<showRelAttributes>false</showRelAttributes>
<gridEnabled>false</gridEnabled>
<showGrid>false</showGrid>
<diagramColor>-1</diagramColor>
<display>false</display>
<notation>1</notation>
<objectViews>
<OView class="oracle.dbtools.crest.swingui.relational.TVTable" oid="020303B8-A98C-189C-35AF-6C0DAA7EF18C" otype="Table" vid="34D0D3D7-FE03-F477-BECC-B5DEB54F0006">
<hideElementsInCurrentOnly>false</hideElementsInCurrentOnly>
<bounds x="1089" y="246" width="166" height="89"/>
</OView>
<OView class="oracle.dbtools.crest.swingui.relational.TVTable" oid="02DDC441-5FD8-1729-4FAE-9967B448A2C4" otype="Table" vid="81708D7C-6462-A23A-0BF6-5239C606BD2C">
<hideElementsInCurrentOnly>false</hideElementsInCurrentOnly>
<bounds x="143" y="238" width="173" height="146"/>
</OView>
<OView class="oracle.dbtools.crest.swingui.relational.TVTable" oid="05A5677A-7CFF-49A1-1684-1ABDD9CCAACA" otype="Table" vid="B8D86748-7294-1E29-581C-0E5C5BBEAA64">
<hideElementsInCurrentOnly>false</hideElementsInCurrentOnly>
<bounds x="608" y="34" width="193" height="135"/>
</OView>
<OView class="oracle.dbtools.crest.swingui.relational.TVTable" oid="07DF6D45-FBB1-3A03-2D7A-2BCF38362649" otype="Table" vid="42C8B45F-F6E4-D84C-409F-2915624AD5A2">
<hideElementsInCurrentOnly>false</hideElementsInCurrentOnly>
<bounds x="617" y="263" width="173" height="119"/>
</OView>
<OView class="oracle.dbtools.crest.swingui.relational.TVTable" oid="0B8807F4-F8B7-B9B1-E79B-AF6748CFAC49" otype="Table" vid="8093DF2B-BC21-993C-8AE9-888FE5AA749A">
<hideElementsInCurrentOnly>false</hideElementsInCurrentOnly>
<bounds x="1148" y="389" width="150" height="58"/>
</OView>
<OView class="oracle.dbtools.crest.swingui.relational.TVTable" oid="0F56758B-8B29-144B-D11E-9E0855EE8FE1" otype="Table" vid="2D38DE49-1118-DA75-3F95-79B01820AEE4">
<hideElementsInCurrentOnly>false</hideElementsInCurrentOnly>
<bounds x="1149" y="457" width="150" height="52"/>
</OView>
<OView class="oracle.dbtools.crest.swingui.relational.TVTable" oid="17EC44ED-6752-61D9-46A3-C93CE589A064" otype="Table" vid="58311377-C40F-6CEB-A373-5093F69F14BF">
<hideElementsInCurrentOnly>false</hideElementsInCurrentOnly>
<bounds x="399" y="273" width="160" height="113"/>
</OView>
<OView class="oracle.dbtools.crest.swingui.relational.TVTable" oid="5412958E-73A1-206D-B461-3A8EF8CA0892" otype="Table" vid="7AC06400-C80E-32E0-1AA4-E30265A0A127">
<hideElementsInCurrentOnly>false</hideElementsInCurrentOnly>
<bounds x="866" y="27" width="192" height="144"/>
</OView>
<OView class="oracle.dbtools.crest.swingui.relational.TVTable" oid="779E5543-26BD-6955-9EEB-527F74B5195E" otype="Table" vid="84069229-7680-91A8-F329-180DFA872CAC">
<hideElementsInCurrentOnly>false</hideElementsInCurrentOnly>
<bounds x="397" y="50" width="162" height="124"/>
</OView>
<OView class="oracle.dbtools.crest.swingui.relational.TVTable" oid="8F1CEE32-29DB-4606-BBE4-8B440EEAA72F" otype="Table" vid="E58A36CD-D1CD-DBCB-118F-F3F9150440B7">
<hideElementsInCurrentOnly>false</hideElementsInCurrentOnly>
<bounds x="1089" y="93" width="166" height="81"/>
</OView>
<OView class="oracle.dbtools.crest.swingui.relational.TVTable" oid="9D131D0E-0F6F-D437-EFA1-3033A351EE44" otype="Table" vid="D2BE7A07-5661-F3FE-EC02-27CC2770CD34">
<hideElementsInCurrentOnly>false</hideElementsInCurrentOnly>
<bounds x="153" y="49" width="169" height="107"/>
</OView>
<OView class="oracle.dbtools.crest.swingui.relational.TVTable" oid="C3E1ADAE-81EF-3CA0-BCA0-1567D3115A09" otype="Table" vid="55F8C121-13C7-E6E7-E409-4B505DAC1B3E">
<hideElementsInCurrentOnly>false</hideElementsInCurrentOnly>
<bounds x="625" y="435" width="162" height="87"/>
</OView>
<OView class="oracle.dbtools.crest.swingui.relational.TVTable" oid="CF715B35-8B3B-71E1-57E3-590FE1551F5D" otype="Table" vid="C6D040FE-0719-FD5C-B722-80B918409610">
<hideElementsInCurrentOnly>false</hideElementsInCurrentOnly>
<bounds x="889" y="422" width="163" height="151"/>
</OView>
</objectViews>
<connectors>
<Connector class="oracle.dbtools.crest.swingui.relational.TVFKRelation" oid="13646542-C347-4C6E-25D3-37E30B51AAA7" otype="FKIndexAssociation" vid_source="C6D040FE-0719-FD5C-B722-80B918409610" vid_target="2D38DE49-1118-DA75-3F95-79B01820AEE4">
<hideElementsInCurrentOnly>false</hideElementsInCurrentOnly>
<backgroundColor>-16777216</backgroundColor>
<lineWidth>1</lineWidth>
<points>
<point x="1052" y="483"/>
<point x="1149" y="483"/>
</points>
</Connector>
<Connector class="oracle.dbtools.crest.swingui.relational.TVFKRelation" oid="30C652EA-5D6D-0076-3E02-B3C63DECB0E1" otype="FKIndexAssociation" vid_source="E58A36CD-D1CD-DBCB-118F-F3F9150440B7" vid_target="34D0D3D7-FE03-F477-BECC-B5DEB54F0006">
<hideElementsInCurrentOnly>false</hideElementsInCurrentOnly>
<backgroundColor>-16777216</backgroundColor>
<lineWidth>1</lineWidth>
<points>
<point x="1239" y="174"/>
<point x="1239" y="246"/>
</points>
</Connector>
<Connector class="oracle.dbtools.crest.swingui.relational.TVFKRelation" oid="3409AFDB-A97C-4AB6-994B-849961129EC4" otype="FKIndexAssociation" vid_source="42C8B45F-F6E4-D84C-409F-2915624AD5A2" vid_target="7AC06400-C80E-32E0-1AA4-E30265A0A127">
<hideElementsInCurrentOnly>false</hideElementsInCurrentOnly>
<backgroundColor>-16777216</backgroundColor>
<lineWidth>1</lineWidth>
<points>
<point x="790" y="277"/>
<point x="956" y="277"/>
<point x="956" y="171"/>
</points>
</Connector>
<Connector class="oracle.dbtools.crest.swingui.relational.TVFKRelation" oid="4285677A-C814-805C-1A00-1EEA5601082C" otype="FKIndexAssociation" vid_source="84069229-7680-91A8-F329-180DFA872CAC" vid_target="B8D86748-7294-1E29-581C-0E5C5BBEAA64">
<hideElementsInCurrentOnly>false</hideElementsInCurrentOnly>
<backgroundColor>-16777216</backgroundColor>
<lineWidth>1</lineWidth>
<points>
<point x="559" y="109"/>
<point x="608" y="109"/>
</points>
</Connector>
<Connector class="oracle.dbtools.crest.swingui.relational.TVFKRelation" oid="4F6F2A65-4C71-B79C-C9BE-11DDC2FAB45A" otype="FKIndexAssociation" vid_source="58311377-C40F-6CEB-A373-5093F69F14BF" vid_target="81708D7C-6462-A23A-0BF6-5239C606BD2C">
<hideElementsInCurrentOnly>false</hideElementsInCurrentOnly>
<backgroundColor>-16777216</backgroundColor>
<lineWidth>1</lineWidth>
<points>
<point x="399" y="328"/>
<point x="316" y="328"/>
</points>
</Connector>
<Connector class="oracle.dbtools.crest.swingui.relational.TVFKRelation" oid="6AA1AC37-CE82-9F1E-2E85-35FFF04636D0" otype="FKIndexAssociation" vid_source="C6D040FE-0719-FD5C-B722-80B918409610" vid_target="8093DF2B-BC21-993C-8AE9-888FE5AA749A">
<hideElementsInCurrentOnly>false</hideElementsInCurrentOnly>
<backgroundColor>-16777216</backgroundColor>
<lineWidth>1</lineWidth>
<points>
<point x="1052" y="434"/>
<point x="1148" y="434"/>
</points>
</Connector>
<Connector class="oracle.dbtools.crest.swingui.relational.TVFKRelation" oid="6F8937CA-DCDD-E057-05A8-9330D021BE98" otype="FKIndexAssociation" vid_source="7AC06400-C80E-32E0-1AA4-E30265A0A127" vid_target="B8D86748-7294-1E29-581C-0E5C5BBEAA64">
<hideElementsInCurrentOnly>false</hideElementsInCurrentOnly>
<backgroundColor>-16777216</backgroundColor>
<lineWidth>1</lineWidth>
<points>
<point x="866" y="116"/>
<point x="801" y="116"/>
</points>
</Connector>
<Connector class="oracle.dbtools.crest.swingui.relational.TVFKRelation" oid="7831E649-8A35-E925-C006-37FF271301DC" otype="FKIndexAssociation" vid_source="C6D040FE-0719-FD5C-B722-80B918409610" vid_target="C6D040FE-0719-FD5C-B722-80B918409610">
<hideElementsInCurrentOnly>false</hideElementsInCurrentOnly>
<backgroundColor>-16777216</backgroundColor>
<lineWidth>1</lineWidth>
<points>
<point x="1052" y="510"/>
<point x="1077" y="510"/>
<point x="1077" y="598"/>
<point x="984" y="598"/>
<point x="984" y="573"/>
</points>
</Connector>
<Connector class="oracle.dbtools.crest.swingui.relational.TVFKRelation" oid="80C419DE-17A9-122C-6FED-35E42BCEEF42" otype="FKIndexAssociation" vid_source="D2BE7A07-5661-F3FE-EC02-27CC2770CD34" vid_target="81708D7C-6462-A23A-0BF6-5239C606BD2C">
<hideElementsInCurrentOnly>false</hideElementsInCurrentOnly>
<backgroundColor>-16777216</backgroundColor>
<lineWidth>1</lineWidth>
<points>
<point x="234" y="156"/>
<point x="234" y="238"/>
</points>
</Connector>
<Connector class="oracle.dbtools.crest.swingui.relational.TVFKRelation" oid="8888DE0A-0D28-E9EF-5E2A-5060ABE80709" otype="FKIndexAssociation" vid_source="55F8C121-13C7-E6E7-E409-4B505DAC1B3E" vid_target="C6D040FE-0719-FD5C-B722-80B918409610">
<hideElementsInCurrentOnly>false</hideElementsInCurrentOnly>
<backgroundColor>-16777216</backgroundColor>
<lineWidth>1</lineWidth>
<points>
<point x="787" y="478"/>
<point x="889" y="510"/>
</points>
</Connector>
<Connector class="oracle.dbtools.crest.swingui.relational.TVFKRelation" oid="BA1F48C1-2A4D-08D2-952B-CD0FB82D8F93" otype="FKIndexAssociation" vid_source="34D0D3D7-FE03-F477-BECC-B5DEB54F0006" vid_target="42C8B45F-F6E4-D84C-409F-2915624AD5A2">
<hideElementsInCurrentOnly>false</hideElementsInCurrentOnly>
<backgroundColor>-16777216</backgroundColor>
<lineWidth>1</lineWidth>
<points>
<point x="1089" y="299"/>
<point x="790" y="301"/>
</points>
</Connector>
<Connector class="oracle.dbtools.crest.swingui.relational.TVFKRelation" oid="ED0F3002-6938-0EE4-24BC-3B689D6852B7" otype="FKIndexAssociation" vid_source="42C8B45F-F6E4-D84C-409F-2915624AD5A2" vid_target="55F8C121-13C7-E6E7-E409-4B505DAC1B3E">
<hideElementsInCurrentOnly>false</hideElementsInCurrentOnly>
<backgroundColor>-16777216</backgroundColor>
<lineWidth>1</lineWidth>
<points>
<point x="706" y="382"/>
<point x="701" y="522"/>
</points>
</Connector>
<Connector class="oracle.dbtools.crest.swingui.relational.TVFKRelation" oid="F2F7AAA1-BA02-2AF0-8A62-4565BDA9713B" otype="FKIndexAssociation" vid_source="42C8B45F-F6E4-D84C-409F-2915624AD5A2" vid_target="58311377-C40F-6CEB-A373-5093F69F14BF">
<hideElementsInCurrentOnly>false</hideElementsInCurrentOnly>
<backgroundColor>-16777216</backgroundColor>
<lineWidth>1</lineWidth>
<points>
<point x="617" y="327"/>
<point x="559" y="327"/>
</points>
</Connector>
<Connector class="oracle.dbtools.crest.swingui.relational.TVFKRelation" oid="F381E765-8C1A-598B-4F89-5D4E1F07754C" otype="FKIndexAssociation" vid_source="D2BE7A07-5661-F3FE-EC02-27CC2770CD34" vid_target="84069229-7680-91A8-F329-180DFA872CAC">
<hideElementsInCurrentOnly>false</hideElementsInCurrentOnly>
<backgroundColor>-16777216</backgroundColor>
<lineWidth>1</lineWidth>
<points>
<point x="322" y="103"/>
<point x="397" y="103"/>
</points>
</Connector>
</connectors>
<arcs>
<Arc class="oracle.dbtools.crest.swingui.relational.TVFKArc" oid="67D97E2E-2763-5FF9-9E10-CC34C6F20111" otype="FKArc" vid="D12CDCC6-EE89-6E8B-5087-410F75FC93B1">
<hideElementsInCurrentOnly>false</hideElementsInCurrentOnly>
<bounds x="869" y="402" width="203" height="191"/>
</Arc>
</arcs>
</Diagram>